1.28166E+17,web,3,Read,32256,8192,112509
1.28166E+17,web,3,Read,1.82083E+11,4096,32396
1.28166E+17,web,3,Read,1.82083E+11,4096,17521
1.28166E+17,web,3,Write,3221282304,4096,2425
1.28166E+17,web,3,Write,32256,8192,1960
1.28166E+17,web,3,Write,3221347840,4096,1666
1.28166E+17,web,3,Write,1.82083E+11,12288,1652
1.28166E+17,web,3,Write,3154148864,4096,1637
1.28166E+17,web,3,Write,3154152960,4096,1279
1.28166E+17,web,3,Write,3154148864,4096,1256
1.28166E+17,web,3,Write,3221253632,512,1254
1.28166E+17,web,3,Read,32256,4096,1244
1.28166E+17,web,3,Write,3154152960,4096,1221
1.28166E+17,web,3,Write,3156352512,4096,1999
1.28166E+17,web,3,Write,3154148864,4096,1303
1.28166E+17,web,3,Write,3154140672,4096,1248
1.28166E+17,web,3,Write,991362560,16384,2421
1.28166E+17,web,3,Write,991378944,16384,1855
1.28166E+17,web,3,Read,991366656,4096,1546
1.28166E+17,web,3,Read,991362560,4096,1194
1.28166E+17,web,3,Write,991395328,49152,3377
1.28166E+17,web,3,Write,991444480,16384,2290
1.28166E+17,web,3,Write,991460864,16384,2268
1.28166E+17,web,3,Write,991477248,16384,2118
1.28166E+17,web,3,Write,991493632,16384,2315
1.28166E+17,web,3,Write,991510016,16384,2108
1.28166E+17,web,3,Write,991526400,16384,2318
1.28166E+17,web,3,Write,991542784,16384,2258
1.28166E+17,web,3,Write,991559168,16384,2271
1.28166E+17,web,3,Write,991575552,16384,2273
1.28166E+17,web,3,Write,991591936,16384,2245
1.28166E+17,web,3,Write,991608320,16384,2292
1.28166E+17,web,3,Write,991624704,16384,2289
1.28166E+17,web,3,Write,991641088,16384,2262
1.28166E+17,web,3,Write,991657472,16384,2244
1.28166E+17,web,3,Write,991673856,16384,2301
1.28166E+17,web,3,Write,991690240,16384,2257
1.28166E+17,web,3,Write,991706624,16384,2237
1.28166E+17,web,3,Write,991723008,16384,2277
1.28166E+17,web,3,Write,991739392,16384,2397
1.28166E+17,web,3,Write,991755776,16384,2273
1.28166E+17,web,3,Write,991772160,16384,2395
1.28166E+17,web,3,Write,991788544,16384,2353
1.28166E+17,web,3,Write,991804928,16384,2379
1.28166E+17,web,3,Write,991821312,16384,2165
1.28166E+17,web,3,Write,991837696,16384,2335
1.28166E+17,web,3,Write,991854080,16384,2279
1.28166E+17,web,3,Write,991870464,16384,2252
1.28166E+17,web,3,Write,991886848,16384,2263
1.28166E+17,web,3,Write,991903232,16384,2338
1.28166E+17,web,3,Write,991919616,16384,2327
1.28166E+17,web,3,Write,991936000,16384,2494
1.28166E+17,web,3,Write,991952384,16384,2326
1.28166E+17,web,3,Write,991968768,16384,2441
1.28166E+17,web,3,Write,991985152,16384,2322
1.28166E+17,web,3,Write,992001536,16384,2295
1.28166E+17,web,3,Write,992017920,16384,2150
1.28166E+17,web,3,Write,992034304,16384,2125
1.28166E+17,web,3,Write,992050688,16384,2290
1.28166E+17,web,3,Write,992067072,16384,2239
1.28166E+17,web,3,Write,992083456,16384,2211
1.28166E+17,web,3,Write,992099840,16384,2299
1.28166E+17,web,3,Write,992116224,16384,2099
1.28166E+17,web,3,Write,992132608,16384,2175
1.28166E+17,web,3,Write,992148992,16384,2164
1.28166E+17,web,3,Write,992165376,16384,2281
1.28166E+17,web,3,Write,992181760,16384,2450
1.28166E+17,web,3,Write,992198144,16384,2108
1.28166E+17,web,3,Write,992214528,16384,2079
1.28166E+17,web,3,Write,992230912,16384,2191
1.28166E+17,web,3,Write,992247296,16384,2062
1.28166E+17,web,3,Write,992263680,16384,2191
1.28166E+17,web,3,Write,992280064,16384,2202
1.28166E+17,web,3,Write,992296448,16384,2160
1.28166E+17,web,3,Write,992312832,16384,2365
1.28166E+17,web,3,Write,992329216,16384,2252
1.28166E+17,web,3,Write,992345600,16384,2344
1.28166E+17,web,3,Write,992361984,16384,2334
1.28166E+17,web,3,Write,992378368,16384,2329
1.28166E+17,web,3,Write,992394752,32768,2835
1.28166E+17,web,3,Write,992427520,16384,2303
1.28166E+17,web,3,Write,992443904,16384,2149
1.28166E+17,web,3,Write,992460288,16384,2152
1.28166E+17,web,3,Write,992476672,16384,2141
1.28166E+17,web,3,Write,992493056,16384,2120
1.28166E+17,web,3,Write,992509440,16384,8001
1.28166E+17,web,3,Write,992525824,16384,2604
1.28166E+17,web,3,Write,992558592,16384,2152
1.28166E+17,web,3,Write,992542208,16384,2129
1.28166E+17,web,3,Write,992591360,16384,2201
1.28166E+17,web,3,Write,992607744,16384,2089
1.28166E+17,web,3,Write,992574976,16384,2033
1.28166E+17,web,3,Write,992624128,16384,4319
1.28166E+17,web,3,Write,992640512,16384,2153
1.28166E+17,web,3,Write,992656896,32768,2727
1.28166E+17,web,3,Write,992689664,16384,2397
1.28166E+17,web,3,Write,992706048,16384,2332
1.28166E+17,web,3,Write,992722432,49152,3438
1.28166E+17,web,3,Write,992771584,32768,2814
1.28166E+17,web,3,Write,992804352,16384,2373
1.28166E+17,web,3,Write,992820736,16384,2245
1.28166E+17,web,3,Write,992837120,16384,2229
1.28166E+17,web,3,Write,992853504,16384,2221
1.28166E+17,web,3,Write,992869888,16384,2212
1.28166E+17,web,3,Write,992886272,16384,2188
1.28166E+17,web,3,Write,992902656,16384,2167
1.28166E+17,web,3,Write,992919040,16384,2220
1.28166E+17,web,3,Write,992935424,16384,2201
1.28166E+17,web,3,Write,992951808,16384,2110
1.28166E+17,web,3,Write,992968192,16384,2245
1.28166E+17,web,3,Write,992984576,16384,3264
1.28166E+17,web,3,Write,993000960,49152,3265
1.28166E+17,web,3,Write,993050112,16384,2164
1.28166E+17,web,3,Write,993066496,16384,2182
1.28166E+17,web,3,Write,993082880,16384,2174
1.28166E+17,web,3,Write,993099264,16384,2189
1.28166E+17,web,3,Write,993115648,16384,2830
1.28166E+17,web,3,Write,993132032,16384,2188
1.28166E+17,web,3,Write,993148416,32768,2741
1.28166E+17,web,3,Write,993181184,16384,2210
1.28166E+17,web,3,Write,993197568,16384,2189
1.28166E+17,web,3,Write,993213952,16384,2199
1.28166E+17,web,3,Write,993230336,16384,2138
1.28166E+17,web,3,Write,993246720,32768,3109
1.28166E+17,web,3,Write,993279488,32768,2741
1.28166E+17,web,3,Write,993312256,32768,2768
1.28166E+17,web,3,Write,993345024,32768,2813
1.28166E+17,web,3,Write,993377792,32768,2696
1.28166E+17,web,3,Write,993410560,16384,2246
1.28166E+17,web,3,Write,993426944,16384,2247
1.28166E+17,web,3,Write,993443328,16384,2174
1.28166E+17,web,3,Write,993459712,16384,2263
1.28166E+17,web,3,Write,993476096,16384,2193
1.28166E+17,web,3,Write,993492480,16384,2168
1.28166E+17,web,3,Write,993508864,16384,2821
1.28166E+17,web,3,Write,993525248,16384,2200
1.28166E+17,web,3,Write,993558016,16384,2205
1.28166E+17,web,3,Write,993541632,16384,2057
1.28166E+17,web,3,Write,993574400,16384,2155
1.28166E+17,web,3,Write,993590784,16384,2194
1.28166E+17,web,3,Write,993607168,16384,2196
1.28166E+17,web,3,Write,993623552,16384,2029
1.28166E+17,web,3,Write,993656320,16384,2167
1.28166E+17,web,3,Write,993639936,16384,2063
1.28166E+17,web,3,Write,993672704,16384,2178
1.28166E+17,web,3,Write,993705472,32768,2566
1.28166E+17,web,3,Write,993689088,16384,2190
1.28166E+17,web,3,Write,993738240,16384,2184
1.28166E+17,web,3,Write,993754624,16384,2186
1.28166E+17,web,3,Write,993771008,16384,2871
1.28166E+17,web,3,Write,993787392,16384,2150
1.28166E+17,web,3,Write,993803776,16384,2186
1.28166E+17,web,3,Write,993820160,16384,3985
1.28166E+17,web,3,Write,993836544,16384,2112
1.28166E+17,web,3,Write,993852928,16384,2184
1.28166E+17,web,3,Write,993869312,16384,2148
1.28166E+17,web,3,Write,993885696,16384,2397
1.28166E+17,web,3,Write,993902080,16384,2172
1.28166E+17,web,3,Write,993918464,16384,3279
1.28166E+17,web,3,Write,993934848,16384,2172
1.28166E+17,web,3,Write,993951232,16384,2167
1.28166E+17,web,3,Write,993967616,16384,2152
1.28166E+17,web,3,Write,993984000,16384,2281
1.28166E+17,web,3,Write,994000384,16384,3170
1.28166E+17,web,3,Write,994016768,16384,2231
1.28166E+17,web,3,Write,994033152,16384,2164
1.28166E+17,web,3,Write,994049536,16384,2219
1.28166E+17,web,3,Write,994065920,16384,2193
1.28166E+17,web,3,Write,994082304,16384,2242
1.28166E+17,web,3,Write,994098688,16384,2197
1.28166E+17,web,3,Write,994115072,16384,2197
1.28166E+17,web,3,Write,994131456,16384,2171
1.28166E+17,web,3,Write,994147840,16384,2155
1.28166E+17,web,3,Write,994164224,16384,2166
1.28166E+17,web,3,Write,994180608,16384,2129
1.28166E+17,web,3,Write,994196992,16384,2159
1.28166E+17,web,3,Write,994213376,16384,2180
1.28166E+17,web,3,Write,994229760,16384,2203
1.28166E+17,web,3,Write,994246144,16384,2217
1.28166E+17,web,3,Write,994262528,16384,2213
1.28166E+17,web,3,Write,994278912,16384,2194
1.28166E+17,web,3,Write,994295296,16384,2242
1.28166E+17,web,3,Write,994311680,16384,2223
1.28166E+17,web,3,Write,994328064,16384,2217
1.28166E+17,web,3,Write,994344448,16384,1808
1.28166E+17,web,3,Write,994360832,16384,2565
1.28166E+17,web,3,Write,994377216,16384,4297
1.28166E+17,web,3,Write,994393600,32768,2683
1.28166E+17,web,3,Write,994426368,16384,2218
1.28166E+17,web,3,Write,994442752,16384,2197
1.28166E+17,web,3,Write,994459136,16384,2723
1.28166E+17,web,3,Write,994475520,16384,2187
1.28166E+17,web,3,Write,994491904,16384,2263
1.28166E+17,web,3,Write,994524672,16384,2739
1.28166E+17,web,3,Write,994508288,16384,2155
1.28166E+17,web,3,Write,994541056,16384,2044
1.28166E+17,web,3,Write,994557440,16384,2186
1.28166E+17,web,3,Write,994573824,16384,2169
1.28166E+17,web,3,Write,994590208,16384,2155
1.28166E+17,web,3,Write,994606592,16384,2206
1.28166E+17,web,3,Write,994622976,16384,2163
1.28166E+17,web,3,Write,994655744,16384,2341
1.28166E+17,web,3,Write,994639360,16384,2056
1.28166E+17,web,3,Write,994688512,16384,2673
1.28166E+17,web,3,Write,994672128,16384,2291
1.28166E+17,web,3,Write,994704896,16384,69428
1.28166E+17,web,3,Write,994721280,16384,2256
1.28166E+17,web,3,Write,994737664,16384,2178
1.28166E+17,web,3,Write,994754048,16384,2174
1.28166E+17,web,3,Write,994770432,16384,2199
1.28166E+17,web,3,Write,994786816,16384,2170
1.28166E+17,web,3,Write,994803200,16384,2204
1.28166E+17,web,3,Write,994819584,16384,2606
1.28166E+17,web,3,Write,994835968,16384,2237
1.28166E+17,web,3,Write,994852352,16384,2294
1.28166E+17,web,3,Write,994901504,16384,5001
1.28166E+17,web,3,Write,994868736,32768,3112
1.28166E+17,web,3,Write,994917888,16384,2193
1.28166E+17,web,3,Write,994934272,16384,2102
1.28166E+17,web,3,Write,994950656,16384,3947
1.28166E+17,web,3,Write,994967040,16384,2212
1.28166E+17,web,3,Write,994983424,16384,2214
1.28166E+17,web,3,Write,994999808,16384,2257
1.28166E+17,web,3,Write,995032576,32768,2567
1.28166E+17,web,3,Write,995016192,16384,2103
1.28166E+17,web,3,Write,995065344,16384,2947
1.28166E+17,web,3,Write,995081728,16384,2212
1.28166E+17,web,3,Write,995098112,16384,2183
1.28166E+17,web,3,Write,995114496,16384,2515
1.28166E+17,web,3,Write,995130880,16384,2269
1.28166E+17,web,3,Write,995147264,32768,2734
1.28166E+17,web,3,Write,995180032,32768,2648
1.28166E+17,web,3,Write,995212800,32768,2614
1.28166E+17,web,3,Write,995245568,16384,2079
1.28166E+17,web,3,Write,995261952,16384,2171
1.28166E+17,web,3,Write,995278336,16384,2229
1.28166E+17,web,3,Write,995294720,16384,2214
1.28166E+17,web,3,Write,995327488,16384,3467
1.28166E+17,web,3,Write,995311104,16384,2237
1.28166E+17,web,3,Write,995343872,16384,2224
1.28166E+17,web,3,Write,995360256,16384,2209
1.28166E+17,web,3,Write,995376640,16384,2232
1.28166E+17,web,3,Write,995393024,16384,2214
1.28166E+17,web,3,Write,995409408,16384,2254
1.28166E+17,web,3,Write,995425792,32768,2724
1.28166E+17,web,3,Write,995458560,16384,2313
1.28166E+17,web,3,Write,995474944,16384,2192
1.28166E+17,web,3,Write,995491328,16384,2272
1.28166E+17,web,3,Write,995507712,16384,2236
1.28166E+17,web,3,Write,995524096,16384,2202
1.28166E+17,web,3,Write,995540480,16384,2210
1.28166E+17,web,3,Write,995556864,16384,2185
1.28166E+17,web,3,Write,995573248,16384,2080
1.28166E+17,web,3,Write,995589632,16384,2115
1.28166E+17,web,3,Write,995606016,16384,2282
1.28166E+17,web,3,Write,995622400,16384,2176
1.28166E+17,web,3,Write,995638784,16384,2225
1.28166E+17,web,3,Write,995655168,16384,2184
1.28166E+17,web,3,Write,995671552,16384,2219
1.28166E+17,web,3,Write,995687936,16384,2232
1.28166E+17,web,3,Write,995720704,16384,2094
1.28166E+17,web,3,Write,995704320,16384,2079
1.28166E+17,web,3,Write,995737088,16384,2474
1.28166E+17,web,3,Write,995753472,16384,2145
1.28166E+17,web,3,Write,995769856,16384,2144
1.28166E+17,web,3,Write,995786240,16384,2424
1.28166E+17,web,3,Write,995802624,16384,2016
1.28166E+17,web,3,Write,995835392,16384,3900
1.28166E+17,web,3,Write,995819008,16384,2092
1.28166E+17,web,3,Write,995851776,16384,2127
1.28166E+17,web,3,Write,995917312,16384,2203
1.28166E+17,web,3,Write,995900928,16384,2183
1.28166E+17,web,3,Write,995868160,16384,2172
1.28166E+17,web,3,Write,995884544,16384,1796
1.28166E+17,web,3,Write,995933696,16384,2159
1.28166E+17,web,3,Write,995950080,16384,2095
1.28166E+17,web,3,Write,995966464,16384,1786
1.28166E+17,web,3,Write,995982848,16384,2758
1.28166E+17,web,3,Write,995999232,16384,2208
1.28166E+17,web,3,Write,996015616,16384,2155
1.28166E+17,web,3,Write,996032000,16384,2235
1.28166E+17,web,3,Write,996064768,16384,2427
1.28166E+17,web,3,Write,996048384,16384,2089
1.28166E+17,web,3,Write,996081152,16384,2194
1.28166E+17,web,3,Write,996097536,16384,2226
1.28166E+17,web,3,Write,996113920,16384,2243
1.28166E+17,web,3,Write,996130304,16384,2209
1.28166E+17,web,3,Write,996146688,16384,2174
1.28166E+17,web,3,Write,996163072,16384,2120
1.28166E+17,web,3,Write,996179456,16384,2094
1.28166E+17,web,3,Write,996195840,16384,2174
1.28166E+17,web,3,Write,996212224,16384,2204
1.28166E+17,web,3,Write,996228608,16384,1801
1.28166E+17,web,3,Write,996244992,16384,3296
1.28166E+17,web,3,Write,996261376,16384,4301
1.28166E+17,web,3,Write,996277760,16384,2246
1.28166E+17,web,3,Write,996294144,16384,2196
1.28166E+17,web,3,Write,996310528,16384,2067
1.28166E+17,web,3,Write,996326912,16384,2232
1.28166E+17,web,3,Write,996343296,16384,2172
1.28166E+17,web,3,Write,996359680,16384,2225
1.28166E+17,web,3,Write,996376064,16384,2230
1.28166E+17,web,3,Write,996392448,16384,2650
1.28166E+17,web,3,Write,996408832,16384,2307
1.28166E+17,web,3,Write,996425216,32768,2721
1.28166E+17,web,3,Write,996457984,16384,2229
1.28166E+17,web,3,Write,996474368,16384,2275
1.28166E+17,web,3,Write,996490752,16384,2198
1.28166E+17,web,3,Write,996507136,16384,2240
1.28166E+17,web,3,Write,996523520,16384,2192
1.28166E+17,web,3,Write,996539904,16384,2140
1.28166E+17,web,3,Write,996556288,16384,2228
1.28166E+17,web,3,Write,996572672,16384,2196
1.28166E+17,web,3,Write,996589056,16384,2181
1.28166E+17,web,3,Write,996605440,16384,2365
1.28166E+17,web,3,Write,996638208,16384,2089
1.28166E+17,web,3,Write,996621824,16384,2077
1.28166E+17,web,3,Write,996654592,16384,2271
1.28166E+17,web,3,Write,996670976,16384,2191
1.28166E+17,web,3,Write,996687360,16384,2212
1.28166E+17,web,3,Write,996703744,16384,2167
1.28166E+17,web,3,Write,996720128,16384,2273
1.28166E+17,web,3,Write,996736512,16384,2395
1.28166E+17,web,3,Write,996752896,16384,2334
1.28166E+17,web,3,Write,996769280,16384,2179
1.28166E+17,web,3,Write,996785664,16384,2039
1.28166E+17,web,3,Write,996802048,16384,2214
1.28166E+17,web,3,Write,996818432,16384,2207
1.28166E+17,web,3,Write,996834816,16384,2226
1.28166E+17,web,3,Write,996851200,16384,2242
1.28166E+17,web,3,Write,996867584,16384,2223
1.28166E+17,web,3,Write,996883968,16384,2244
1.28166E+17,web,3,Write,996900352,16384,2138
1.28166E+17,web,3,Write,996916736,16384,2225
1.28166E+17,web,3,Write,996933120,16384,2115
1.28166E+17,web,3,Write,996949504,16384,2166
1.28166E+17,web,3,Write,996965888,16384,2051
1.28166E+17,web,3,Write,996998656,16384,2133
1.28166E+17,web,3,Write,996982272,16384,2101
1.28166E+17,web,3,Write,997015040,16384,2130
1.28166E+17,web,3,Write,997031424,16384,2179
1.28166E+17,web,3,Write,997047808,16384,2093
1.28166E+17,web,3,Write,997064192,16384,2082
1.28166E+17,web,3,Write,997080576,16384,2284
1.28166E+17,web,3,Write,997096960,16384,2197
1.28166E+17,web,3,Write,997113344,16384,2215
1.28166E+17,web,3,Write,997129728,16384,2234
1.28166E+17,web,3,Write,997146112,16384,2203
1.28166E+17,web,3,Write,997162496,16384,2188
1.28166E+17,web,3,Write,997178880,16384,3028
1.28166E+17,web,3,Write,997195264,16384,2223
1.28166E+17,web,3,Write,997211648,16384,2212
1.28166E+17,web,3,Write,997228032,16384,2195
1.28166E+17,web,3,Write,997244416,16384,2194
1.28166E+17,web,3,Write,997260800,16384,2234
1.28166E+17,web,3,Write,997277184,16384,2210
1.28166E+17,web,3,Write,997293568,16384,2221
1.28166E+17,web,3,Write,997309952,16384,2384
1.28166E+17,web,3,Write,997326336,16384,2171
1.28166E+17,web,3,Write,997342720,16384,4102
1.28166E+17,web,3,Write,997359104,16384,3831
1.28166E+17,web,3,Write,997375488,16384,2227
1.28166E+17,web,3,Write,997391872,16384,2217
1.28166E+17,web,3,Write,997408256,16384,2217
1.28166E+17,web,3,Write,997424640,16384,2844
1.28166E+17,web,3,Write,997441024,16384,2220
1.28166E+17,web,3,Write,997457408,49152,3291
1.28166E+17,web,3,Write,997506560,16384,2223
1.28166E+17,web,3,Write,997522944,16384,3121
1.28166E+17,web,3,Write,997539328,16384,4128
1.28166E+17,web,3,Write,997555712,16384,2269
1.28166E+17,web,3,Write,997572096,16384,2088
1.28166E+17,web,3,Write,997588480,16384,3910
1.28166E+17,web,3,Write,997604864,16384,2121
1.28166E+17,web,3,Write,997637632,16384,2112
1.28166E+17,web,3,Write,997621248,16384,2106
1.28166E+17,web,3,Write,997654016,16384,2147
1.28166E+17,web,3,Write,997670400,16384,2016
1.28166E+17,web,3,Write,997686784,16384,2164
1.28166E+17,web,3,Write,997719552,16384,2139
1.28166E+17,web,3,Write,997703168,16384,2083
1.28166E+17,web,3,Write,997735936,16384,2531
1.28166E+17,web,3,Write,997752320,32768,4415
1.28166E+17,web,3,Write,997801472,16384,3272
1.28166E+17,web,3,Write,997785088,16384,2118
1.28166E+17,web,3,Write,997834240,16384,2163
1.28166E+17,web,3,Write,997817856,16384,2105
1.28166E+17,web,3,Write,997867008,16384,2155
1.28166E+17,web,3,Write,997850624,16384,2052
1.28166E+17,web,3,Write,997883392,16384,2122
1.28166E+17,web,3,Write,997899776,16384,2768
1.28166E+17,web,3,Write,997916160,16384,2149
1.28166E+17,web,3,Write,997932544,16384,3534
1.28166E+17,web,3,Write,997948928,16384,2157
1.28166E+17,web,3,Write,997981696,16384,2076
1.28166E+17,web,3,Write,997965312,16384,2014
1.28166E+17,web,3,Write,997998080,16384,2137
1.28166E+17,web,3,Write,998030848,16384,2118
1.28166E+17,web,3,Write,998014464,16384,2106
1.28166E+17,web,3,Write,998063616,16384,2125
1.28166E+17,web,3,Write,998047232,16384,2089
1.28166E+17,web,3,Write,998080000,16384,2097
1.28166E+17,web,3,Write,998129152,16384,3331
1.28166E+17,web,3,Write,998145536,16384,2209
1.28166E+17,web,3,Write,998112768,16384,2184
1.28166E+17,web,3,Write,998096384,16384,2127
1.28166E+17,web,3,Write,998161920,16384,1999
1.28166E+17,web,3,Write,998178304,16384,3662
1.28166E+17,web,3,Write,998194688,16384,2727
1.28166E+17,web,3,Write,998227456,16384,2435
1.28166E+17,web,3,Write,998211072,16384,2222
1.28166E+17,web,3,Write,998243840,16384,2068
1.28166E+17,web,3,Write,998260224,16384,2068
1.28166E+17,web,3,Write,998276608,16384,2359
1.28166E+17,web,3,Write,998292992,16384,2105
1.28166E+17,web,3,Write,998309376,16384,2573
1.28166E+17,web,3,Write,998325760,16384,2038
1.28166E+17,web,3,Write,998342144,16384,2055
1.28166E+17,web,3,Write,998358528,16384,3142
1.28166E+17,web,3,Write,998374912,16384,2178
1.28166E+17,web,3,Write,998391296,16384,2168
1.28166E+17,web,3,Write,998456832,16384,3962
1.28166E+17,web,3,Write,998440448,16384,3381
1.28166E+17,web,3,Write,998473216,16384,2359
1.28166E+17,web,3,Write,998407680,16384,2222
1.28166E+17,web,3,Write,998424064,16384,2111
1.28166E+17,web,3,Write,998489600,16384,2229
1.28166E+17,web,3,Write,998522368,16384,3499
1.28166E+17,web,3,Write,998505984,16384,2293
1.28166E+17,web,3,Write,998538752,16384,2233
1.28166E+17,web,3,Write,998555136,16384,2219
1.28166E+17,web,3,Write,998571520,16384,2268
1.28166E+17,web,3,Write,998587904,16384,2248
1.28166E+17,web,3,Write,998604288,16384,2248
1.28166E+17,web,3,Write,998620672,16384,2255
1.28166E+17,web,3,Write,998637056,16384,2214
1.28166E+17,web,3,Write,998653440,16384,2283
1.28166E+17,web,3,Write,998669824,16384,2238
1.28166E+17,web,3,Write,998686208,16384,2188
1.28166E+17,web,3,Write,998702592,32768,2691
1.28166E+17,web,3,Write,998735360,16384,2045
1.28166E+17,web,3,Write,998751744,16384,2206
1.28166E+17,web,3,Write,998768128,16384,2197
1.28166E+17,web,3,Write,998784512,16384,2222
1.28166E+17,web,3,Write,998800896,16384,2222
1.28166E+17,web,3,Write,998817280,16384,2223
1.28166E+17,web,3,Write,998833664,16384,2333
1.28166E+17,web,3,Write,998850048,16384,9228
1.28166E+17,web,3,Write,998866432,16384,2060
1.28166E+17,web,3,Write,998882816,16384,2412
1.28166E+17,web,3,Write,998899200,16384,2097
1.28166E+17,web,3,Write,998915584,16384,2210
1.28166E+17,web,3,Write,998931968,16384,2195
1.28166E+17,web,3,Write,998948352,16384,2364
1.28166E+17,web,3,Write,998964736,16384,2046
1.28166E+17,web,3,Write,998981120,16384,2078
1.28166E+17,web,3,Write,998997504,16384,2203
1.28166E+17,web,3,Write,999013888,32768,2730
1.28166E+17,web,3,Write,999046656,32768,2547
1.28166E+17,web,3,Write,999112192,32768,3467
1.28166E+17,web,3,Write,999079424,32768,2724
1.28166E+17,web,3,Write,999144960,16384,2418
1.28166E+17,web,3,Write,999161344,32768,2904
1.28166E+17,web,3,Write,999210496,16384,2129
1.28166E+17,web,3,Write,999194112,16384,2016
1.28166E+17,web,3,Write,999243264,32768,2587
1.28166E+17,web,3,Write,999226880,16384,2167
1.28166E+17,web,3,Write,999276032,16384,2233
1.28166E+17,web,3,Write,999292416,32768,2757
1.28166E+17,web,3,Write,999325184,16384,2103
1.28166E+17,web,3,Write,999341568,16384,2235
1.28166E+17,web,3,Write,999357952,16384,1971
1.28166E+17,web,3,Write,999390720,16384,2309
1.28166E+17,web,3,Write,999374336,16384,2156
1.28166E+17,web,3,Write,999407104,16384,3270
1.28166E+17,web,3,Write,999423488,16384,3799
1.28166E+17,web,3,Write,999439872,16384,2170
1.28166E+17,web,3,Write,999456256,16384,2113
1.28166E+17,web,3,Write,999472640,16384,2029
1.28166E+17,web,3,Write,999489024,32768,4685
1.28166E+17,web,3,Write,999521792,16384,2120
1.28166E+17,web,3,Write,999538176,16384,2253
1.28166E+17,web,3,Write,999554560,16384,2086
1.28166E+17,web,3,Write,999570944,16384,3405
1.28166E+17,web,3,Write,999587328,16384,2038
1.28166E+17,web,3,Write,999603712,16384,2151
1.28166E+17,web,3,Write,999620096,16384,2081
1.28166E+17,web,3,Write,999652864,16384,4130
1.28166E+17,web,3,Write,999636480,16384,2018
1.28166E+17,web,3,Write,999702016,32768,2656
1.28166E+17,web,3,Write,999685632,16384,2118
1.28166E+17,web,3,Write,999669248,16384,2100
1.28166E+17,web,3,Write,999734784,16384,2029
1.28166E+17,web,3,Write,999767552,16384,2175
1.28166E+17,web,3,Write,999751168,16384,2059
1.28166E+17,web,3,Write,999783936,16384,2438
1.28166E+17,web,3,Write,999800320,16384,2128
1.28166E+17,web,3,Write,999833088,16384,3830
1.28166E+17,web,3,Write,999849472,16384,2719
1.28166E+17,web,3,Write,999816704,16384,2100
1.28166E+17,web,3,Write,999865856,16384,2212
1.28166E+17,web,3,Write,999882240,16384,2173
1.28166E+17,web,3,Write,999898624,16384,2178
1.28166E+17,web,3,Write,999915008,16384,2210
1.28166E+17,web,3,Write,999931392,16384,2215
1.28166E+17,web,3,Write,999947776,16384,2233
1.28166E+17,web,3,Write,999964160,16384,2246
1.28166E+17,web,3,Write,999980544,16384,2134
1.28166E+17,web,3,Write,999996928,16384,2208
1.28166E+17,web,3,Write,1000013312,16384,2193
1.28166E+17,web,3,Write,1000046080,16384,3431
1.28166E+17,web,3,Write,1000029696,16384,2072
1.28166E+17,web,3,Write,1000062464,16384,2244
1.28166E+17,web,3,Write,1000078848,16384,2481
1.28166E+17,web,3,Write,1000144384,16384,3746
1.28166E+17,web,3,Write,1000160768,16384,2976
1.28166E+17,web,3,Write,1000095232,16384,2234
1.28166E+17,web,3,Write,1000128000,16384,2078
1.28166E+17,web,3,Write,1000111616,16384,1800
1.28166E+17,web,3,Write,1000177152,16384,2249
1.28166E+17,web,3,Write,1000193536,16384,2191
1.28166E+17,web,3,Write,1000209920,16384,1802
1.28166E+17,web,3,Write,1000226304,16384,2204
1.28166E+17,web,3,Write,1000259072,16384,2101
1.28166E+17,web,3,Write,1000242688,16384,1812
1.28166E+17,web,3,Write,1000275456,16384,2187
1.28166E+17,web,3,Write,1000291840,16384,2195
1.28166E+17,web,3,Write,1000308224,16384,2231
1.28166E+17,web,3,Write,1000324608,16384,2200
1.28166E+17,web,3,Write,1000340992,16384,2207
1.28166E+17,web,3,Write,1000357376,16384,2238
1.28166E+17,web,3,Write,1000373760,16384,2181
1.28166E+17,web,3,Write,1000390144,16384,2135
1.28166E+17,web,3,Write,1000406528,16384,2050
1.28166E+17,web,3,Write,1000422912,16384,2635
1.28166E+17,web,3,Write,1000439296,16384,2218
1.28166E+17,web,3,Write,1000455680,16384,2193
1.28166E+17,web,3,Write,1000472064,16384,2186
1.28166E+17,web,3,Write,1000488448,16384,2252
1.28166E+17,web,3,Write,1000504832,16384,2233
1.28166E+17,web,3,Write,1000521216,16384,2228
1.28166E+17,web,3,Write,1000537600,16384,2372
1.28166E+17,web,3,Write,1000553984,16384,2226
1.28166E+17,web,3,Write,1000570368,16384,2187
1.28166E+17,web,3,Write,1000586752,16384,2233
1.28166E+17,web,3,Write,1000603136,16384,2600
1.28166E+17,web,3,Write,1000619520,16384,2209
1.28166E+17,web,3,Write,1000635904,16384,2233
1.28166E+17,web,3,Write,1000652288,16384,2182
1.28166E+17,web,3,Write,1000685056,16384,2537
1.28166E+17,web,3,Write,1000668672,16384,2179
1.28166E+17,web,3,Write,1000701440,16384,2041
1.28166E+17,web,3,Write,1000734208,16384,2177
1.28166E+17,web,3,Write,1000717824,16384,2104
1.28166E+17,web,3,Write,1000750592,16384,2082
1.28166E+17,web,3,Write,1000783360,16384,2993
1.28166E+17,web,3,Write,1000766976,16384,2322
1.28166E+17,web,3,Write,1000799744,16384,3039
1.28166E+17,web,3,Write,1000816128,32768,2570
1.28166E+17,web,3,Write,1000881664,16384,2612
1.28166E+17,web,3,Write,1000865280,16384,2101
1.28166E+17,web,3,Write,1000848896,16384,2070
1.28166E+17,web,3,Write,1000914432,16384,2754
1.28166E+17,web,3,Write,1000898048,16384,2120
1.28166E+17,web,3,Write,1000930816,16384,2459
1.28166E+17,web,3,Write,1000947200,16384,2085
1.28166E+17,web,3,Write,1000963584,16384,2287
1.28166E+17,web,3,Write,1000979968,16384,2193
1.28166E+17,web,3,Write,1000996352,16384,1812
1.28166E+17,web,3,Write,1001012736,16384,2200
1.28166E+17,web,3,Write,1001029120,16384,2265
1.28166E+17,web,3,Write,1001045504,16384,2233
1.28166E+17,web,3,Write,1001061888,16384,2222
1.28166E+17,web,3,Write,1001078272,16384,2098
1.28166E+17,web,3,Write,1001094656,16384,2164
1.28166E+17,web,3,Write,1001111040,16384,3149
1.28166E+17,web,3,Write,1001127424,16384,2203
1.28166E+17,web,3,Write,1001143808,16384,2085
1.28166E+17,web,3,Write,1001160192,16384,2222
1.28166E+17,web,3,Write,1001176576,16384,2084
1.28166E+17,web,3,Write,1001192960,16384,2239
1.28166E+17,web,3,Write,1001209344,16384,2073
1.28166E+17,web,3,Write,1001225728,16384,4088
1.28166E+17,web,3,Write,1001242112,16384,3372
1.28166E+17,web,3,Write,1001258496,16384,2209
1.28166E+17,web,3,Write,1001274880,16384,2077
1.28166E+17,web,3,Write,1001291264,16384,2227
1.28166E+17,web,3,Write,1001307648,16384,2263
1.28166E+17,web,3,Write,1001340416,32768,2327
1.28166E+17,web,3,Write,1001324032,16384,2252
1.28166E+17,web,3,Write,1001373184,16384,2160
1.28166E+17,web,3,Write,1001389568,16384,4338
1.28166E+17,web,3,Write,1001405952,16384,2232
1.28166E+17,web,3,Write,1001422336,16384,2360
1.28166E+17,web,3,Write,1001438720,16384,2566
1.28166E+17,web,3,Write,1001455104,16384,2202
1.28166E+17,web,3,Write,1001471488,16384,2215
1.28166E+17,web,3,Write,1001487872,16384,2200
1.28166E+17,web,3,Write,1001504256,16384,2239
1.28166E+17,web,3,Write,1001520640,16384,2193
1.28166E+17,web,3,Write,1001537024,16384,2234
1.28166E+17,web,3,Write,1001553408,16384,2205
1.28166E+17,web,3,Write,1001569792,16384,2205
1.28166E+17,web,3,Write,1001586176,16384,2156
1.28166E+17,web,3,Write,1001602560,16384,2202
1.28166E+17,web,3,Write,1001618944,16384,2219
1.28166E+17,web,3,Write,1001635328,16384,2227
1.28166E+17,web,3,Write,1001651712,16384,2249
1.28166E+17,web,3,Write,1001668096,16384,2212
1.28166E+17,web,3,Write,1001684480,16384,2217
1.28166E+17,web,3,Write,1001700864,16384,2198
1.28166E+17,web,3,Write,1001717248,81920,4391
1.28166E+17,web,3,Write,1001799168,16384,2104
1.28166E+17,web,3,Write,1001815552,16384,1808
1.28166E+17,web,3,Write,1001831936,16384,2201
1.28166E+17,web,3,Write,1001848320,32768,2606
1.28166E+17,web,3,Write,1001881088,16384,2830
1.28166E+17,web,3,Write,1001897472,16384,2278
1.28166E+17,web,3,Write,1001913856,16384,2280
1.28166E+17,web,3,Write,1001930240,16384,2188
1.28166E+17,web,3,Write,1001946624,16384,2241
1.28166E+17,web,3,Write,1001963008,16384,2563
1.28166E+17,web,3,Write,1001979392,16384,2128
1.28166E+17,web,3,Write,1001995776,32768,2911
1.28166E+17,web,3,Write,1002028544,16384,2630
1.28166E+17,web,3,Write,1002044928,16384,2472
1.28166E+17,web,3,Write,1002061312,16384,3602
1.28166E+17,web,3,Write,97992192,8192,3084
1.28166E+17,web,3,Write,93937152,8192,2941
1.28166E+17,web,3,Write,97025536,8192,2932
1.28166E+17,web,3,Write,93961728,8192,2873
1.28166E+17,web,3,Write,96919040,8192,2753
1.28166E+17,web,3,Write,93830656,24576,2232
1.28166E+17,web,3,Write,93879808,8192,1903
1.28166E+17,web,3,Read,95927808,1048576,631011
1.28166E+17,web,3,Write,328568320,16384,5932
1.28166E+17,web,3,Write,96779776,16384,4867
1.28166E+17,web,3,Write,107019776,8192,4629
1.28166E+17,web,3,Write,106724864,8192,4066
1.28166E+17,web,3,Write,328805888,16384,3685
1.28166E+17,web,3,Write,102850048,8192,3213
1.28166E+17,web,3,Write,94682624,8192,3136
1.28166E+17,web,3,Write,328683008,8192,2931
1.28166E+17,web,3,Write,94756352,8192,2857
1.28166E+17,web,3,Write,101981696,8192,2761
1.28166E+17,web,3,Write,97967616,8192,2725
1.28166E+17,web,3,Write,328994304,16384,2544
1.28166E+17,web,3,Write,329076224,8192,2026
1.28166E+17,web,3,Write,104324608,8192,1543
1.28166E+17,web,3,Write,107126272,8192,1505
1.28166E+17,web,3,Write,106962432,8192,1506
1.28166E+17,web,3,Write,93904384,8192,1399
1.28166E+17,web,3,Read,96976384,1048576,705220
1.28166E+17,web,3,Read,94879232,1048576,545994
1.28166E+17,web,3,Read,99073536,1048576,388788
1.28166E+17,web,3,Read,98024960,1048576,851698
1.28166E+17,web,3,Read,93830656,1048576,998299
1.28166E+17,web,3,Read,100122112,1048576,198512
1.28166E+17,web,3,Read,101170688,1048576,136266
1.28166E+17,web,3,Read,102219264,1048576,222132
1.28166E+17,web,3,Read,103267840,1048576,161434
1.28166E+17,web,3,Read,106151424,917504,132171
1.28166E+17,web,3,Read,107068928,196608,97332
1.28166E+17,web,3,Read,104316416,131072,81929
1.28166E+17,web,3,Read,328551936,589824,173666
1.28166E+17,web,3,Write,1002077696,16384,2203
1.28166E+17,web,3,Write,1002094080,16384,2068
1.28166E+17,web,3,Write,93904384,8192,1345
1.28166E+17,web,3,Write,1002110464,16384,2009
1.28166E+17,web,3,Write,1002126848,16384,2281
1.28166E+17,web,3,Write,1002143232,16384,2881
1.28166E+17,web,3,Write,1002159616,16384,2094
1.28166E+17,web,3,Write,1002176000,16384,2383
1.28166E+17,web,3,Write,1002192384,16384,1967
1.28166E+17,web,3,Write,38854144,8192,2953
1.28166E+17,web,3,Write,37756416,8192,2761
1.28166E+17,web,3,Write,33218048,8192,2496
1.28166E+17,web,3,Write,33127936,8192,2238
1.28166E+17,web,3,Write,33078784,8192,1955
1.28166E+17,web,3,Write,33193472,8192,1810
1.28166E+17,web,3,Write,33152512,8192,1472
1.28166E+17,web,3,Read,33078784,1048576,744917
1.28166E+17,web,3,Read,34127360,1048576,259695
1.28166E+17,web,3,Read,35175936,1048576,250627
1.28166E+17,web,3,Read,38321664,983040,401741
1.28166E+17,web,3,Read,104447488,65536,206584
1.28166E+17,web,3,Read,36224512,1048576,352535
1.28166E+17,web,3,Read,37273088,1048576,423969
1.28166E+17,web,3,Read,104513024,1048576,157970
1.28166E+17,web,3,Read,213564928,458752,104621
1.28166E+17,web,3,Read,105561600,589824,79644
1.28166E+17,web,3,Read,214023680,1048576,132374
1.28166E+17,web,3,Read,215072256,1048576,209450
1.28166E+17,web,3,Read,217169408,1048576,127487
1.28166E+17,web,3,Read,216120832,1048576,116340
1.28166E+17,web,3,Read,218217984,1048576,158056
1.28166E+17,web,3,Read,219266560,1048576,203145
1.28166E+17,web,3,Read,220315136,1048576,327495
1.28166E+17,web,3,Read,225230336,327680,177017
1.28166E+17,web,3,Read,221363712,720896,139099
1.28166E+17,web,3,Read,225558016,1048576,128562
1.28166E+17,web,3,Read,226606592,1048576,174949
1.28166E+17,web,3,Read,227655168,1048576,147399
1.28166E+17,web,3,Read,228703744,1048576,90906
1.28166E+17,web,3,Read,230800896,1048576,171618
1.28166E+17,web,3,Read,229752320,1048576,161436
1.28166E+17,web,3,Read,232898048,1048576,146214
1.28166E+17,web,3,Read,231849472,1048576,142214
1.28166E+17,web,3,Read,233946624,1048576,92123
1.28166E+17,web,3,Read,234995200,1048576,133475
1.28166E+17,web,3,Read,236043776,1048576,162896
1.28166E+17,web,3,Read,237092352,1048576,107217
1.28166E+17,web,3,Read,238140928,1048576,130212
1.28166E+17,web,3,Read,240238080,1048576,160725
1.28166E+17,web,3,Read,239189504,1048576,142825
1.28166E+17,web,3,Read,242335232,1048576,145839
1.28166E+17,web,3,Read,241286656,1048576,136160
1.28166E+17,web,3,Read,243383808,1048576,159336
1.28166E+17,web,3,Read,244432384,1048576,175002
1.28166E+17,web,3,Read,245480960,1048576,117979
1.28166E+17,web,3,Read,246529536,1048576,84723
1.28166E+17,web,3,Read,247578112,1048576,257419
1.28166E+17,web,3,Read,248626688,1048576,125663
1.28166E+17,web,3,Read,249675264,1048576,124260
1.28166E+17,web,3,Read,250723840,1048576,289240
1.28166E+17,web,3,Read,251772416,65536,119894
1.28166E+17,web,3,Read,302366208,983040,186883
1.28166E+17,web,3,Read,303349248,1048576,151297
1.28166E+17,web,3,Read,304397824,1048576,195764
1.28166E+17,web,3,Read,305446400,1048576,149960
1.28166E+17,web,3,Read,306494976,1048576,199630
1.28166E+17,web,3,Read,307543552,1048576,132974
1.28166E+17,web,3,Read,308592128,131072,47999
1.28166E+17,web,3,Write,1002208768,16384,2559
1.28166E+17,web,3,Write,33152512,8192,1364
1.28166E+17,web,3,Write,1002225152,16384,2083
1.28166E+17,web,3,Write,1002241536,16384,2064
1.28166E+17,web,3,Write,1002257920,16384,2242
1.28166E+17,web,3,Write,1002274304,32768,2848
1.28166E+17,web,3,Write,1002307072,32768,2617
1.28166E+17,web,3,Write,1002339840,32768,2619
1.28166E+17,web,3,Write,1002372608,16384,2075
1.28166E+17,web,3,Write,1002388992,32768,3901
1.28166E+17,web,3,Write,1002421760,32768,2599
1.28166E+17,web,3,Write,1002454528,32768,3003
1.28166E+17,web,3,Write,1002487296,32768,2605
1.28166E+17,web,3,Write,1002536448,16384,2314
1.28166E+17,web,3,Write,1002520064,16384,2294
1.28166E+17,web,3,Write,1002552832,16384,2756
1.28166E+17,web,3,Write,1002569216,16384,2241
1.28166E+17,web,3,Write,1002585600,16384,4353
1.28166E+17,web,3,Write,1002601984,16384,2243
1.28166E+17,web,3,Write,1002618368,16384,2904
1.28166E+17,web,3,Write,1002634752,16384,3549
1.28166E+17,web,3,Write,1002651136,16384,2217
1.28166E+17,web,3,Write,1002667520,16384,2190
1.28166E+17,web,3,Write,1002683904,16384,2209
1.28166E+17,web,3,Write,1002700288,16384,3273
1.28166E+17,web,3,Write,1002716672,16384,2167
1.28166E+17,web,3,Write,1002733056,16384,2285
1.28166E+17,web,3,Write,1002749440,32768,2714
1.28166E+17,web,3,Write,1002782208,32768,2635
1.28166E+17,web,3,Write,1002814976,16384,2351
1.28166E+17,web,3,Write,1002831360,16384,2252
1.28166E+17,web,3,Write,1002847744,16384,2183
1.28166E+17,web,3,Write,1002864128,16384,2220
1.28166E+17,web,3,Write,1002880512,16384,2218
1.28166E+17,web,3,Write,1002913280,16384,2120
1.28166E+17,web,3,Write,1002896896,16384,2070
1.28166E+17,web,3,Write,1002929664,16384,2913
1.28166E+17,web,3,Write,1002946048,16384,2231
1.28166E+17,web,3,Write,1002962432,16384,2254
1.28166E+17,web,3,Write,1003011584,16384,3275
1.28166E+17,web,3,Write,1002978816,16384,2220
1.28166E+17,web,3,Write,1002995200,16384,1817
1.28166E+17,web,3,Write,1003027968,16384,2702
1.28166E+17,web,3,Write,1003044352,16384,3650
1.28166E+17,web,3,Write,1003060736,16384,2189
1.28166E+17,web,3,Write,1003077120,16384,2231
1.28166E+17,web,3,Write,1003093504,16384,2221
1.28166E+17,web,3,Write,1003109888,16384,2192
1.28166E+17,web,3,Write,1003126272,16384,2275
1.28166E+17,web,3,Write,1003142656,16384,2157
1.28166E+17,web,3,Write,1003159040,16384,2209
1.28166E+17,web,3,Write,1003175424,16384,2204
1.28166E+17,web,3,Write,1003191808,16384,2196
1.28166E+17,web,3,Write,1003208192,16384,2066
1.28166E+17,web,3,Write,1003224576,16384,2270
1.28166E+17,web,3,Write,1003240960,16384,2165
1.28166E+17,web,3,Write,1003257344,16384,2202
1.28166E+17,web,3,Write,1003273728,16384,2189
1.28166E+17,web,3,Write,1003290112,16384,2196
1.28166E+17,web,3,Write,1003306496,16384,2099
1.28166E+17,web,3,Write,1003322880,16384,2269
1.28166E+17,web,3,Write,1003339264,16384,2265
1.28166E+17,web,3,Write,1003355648,16384,3696
1.28166E+17,web,3,Write,1003372032,16384,2073
1.28166E+17,web,3,Write,1003388416,16384,2054
1.28166E+17,web,3,Write,1003404800,16384,2431
1.28166E+17,web,3,Write,1003421184,16384,2232
1.28166E+17,web,3,Write,1003453952,16384,2234
1.28166E+17,web,3,Write,1003437568,16384,2210
1.28166E+17,web,3,Write,1003470336,16384,2472
1.28166E+17,web,3,Write,1003486720,16384,2292
1.28166E+17,web,3,Write,1003503104,16384,2842
1.28166E+17,web,3,Write,1003519488,16384,2256
1.28166E+17,web,3,Write,1003535872,16384,2224
1.28166E+17,web,3,Write,1003552256,16384,3452
1.28166E+17,web,3,Write,1003568640,16384,2204
1.28166E+17,web,3,Write,1003585024,16384,2208
1.28166E+17,web,3,Write,1003601408,16384,2228
1.28166E+17,web,3,Write,1003617792,16384,2223
1.28166E+17,web,3,Write,1003634176,16384,2074
1.28166E+17,web,3,Write,1003650560,16384,2232
1.28166E+17,web,3,Write,1003666944,16384,3709
1.28166E+17,web,3,Write,1003683328,16384,2207
1.28166E+17,web,3,Write,1003699712,16384,2262
1.28166E+17,web,3,Write,1003716096,16384,2250
1.28166E+17,web,3,Write,1003748864,16384,2314
1.28166E+17,web,3,Write,1003732480,16384,2072
1.28166E+17,web,3,Write,1003765248,16384,2143
1.28166E+17,web,3,Write,1003798016,16384,2396
1.28166E+17,web,3,Write,1003781632,16384,2067
1.28166E+17,web,3,Write,1003814400,16384,2261
1.28166E+17,web,3,Write,1003830784,16384,2279
1.28166E+17,web,3,Write,1003847168,16384,2480
1.28166E+17,web,3,Write,1003863552,16384,2262
1.28166E+17,web,3,Write,1003879936,16384,2295
1.28166E+17,web,3,Write,1003896320,16384,2792
1.28166E+17,web,3,Write,1003912704,16384,2343
1.28166E+17,web,3,Write,1003929088,16384,2219
1.28166E+17,web,3,Write,1003961856,16384,2104
1.28166E+17,web,3,Write,1003945472,16384,2063
1.28166E+17,web,3,Write,1003994624,16384,2075
1.28166E+17,web,3,Write,1003978240,16384,2056
1.28166E+17,web,3,Write,1004027392,32768,2592
1.28166E+17,web,3,Write,1004011008,16384,2083
1.28166E+17,web,3,Write,1004060160,16384,2160
1.28166E+17,web,3,Write,1004076544,16384,2275
1.28166E+17,web,3,Write,1004092928,16384,2216
1.28166E+17,web,3,Write,1004109312,16384,2237
1.28166E+17,web,3,Write,1004125696,16384,2346
1.28166E+17,web,3,Write,1004142080,16384,2213
1.28166E+17,web,3,Write,1004158464,16384,2173
1.28166E+17,web,3,Write,1004174848,16384,2182
1.28166E+17,web,3,Write,1004191232,16384,2412
1.28166E+17,web,3,Write,1004207616,16384,2195
1.28166E+17,web,3,Write,1004224000,16384,2462
1.28166E+17,web,3,Write,1004240384,16384,2062
1.28166E+17,web,3,Write,1004256768,32768,2794
1.28166E+17,web,3,Write,1004289536,16384,2218
1.28166E+17,web,3,Write,1004305920,16384,2231
1.28166E+17,web,3,Write,1004322304,16384,1813
1.28166E+17,web,3,Write,1004338688,65536,3779
1.28166E+17,web,3,Write,1004404224,65536,3695
1.28166E+17,web,3,Write,1004469760,16384,2168
1.28166E+17,web,3,Write,1004486144,16384,2106
1.28166E+17,web,3,Write,1004502528,32768,2741
1.28166E+17,web,3,Write,1004535296,16384,2212
1.28166E+17,web,3,Write,1004551680,16384,2205
1.28166E+17,web,3,Write,1004568064,16384,2248
1.28166E+17,web,3,Write,1004584448,16384,2041
1.28166E+17,web,3,Write,1004600832,16384,2195
1.28166E+17,web,3,Write,1004617216,16384,1804
1.28166E+17,web,3,Write,1004633600,16384,3665
1.28166E+17,web,3,Write,1004649984,16384,2123
1.28166E+17,web,3,Write,1004666368,16384,2056
1.28166E+17,web,3,Write,1004682752,16384,2441
1.28166E+17,web,3,Write,1004699136,16384,10314
1.28166E+17,web,3,Write,1004715520,16384,2186
1.28166E+17,web,3,Write,1004731904,16384,1928
1.28166E+17,web,3,Write,1004748288,16384,2184
1.28166E+17,web,3,Write,1004764672,16384,1853
1.28166E+17,web,3,Write,1004797440,16384,6728
1.28166E+17,web,3,Write,1004781056,16384,2225
1.28166E+17,web,3,Write,1004813824,16384,2241
1.28166E+17,web,3,Write,1004830208,16384,2073
1.28166E+17,web,3,Write,1004846592,16384,2210
1.28166E+17,web,3,Write,1004862976,16384,2099
1.28166E+17,web,3,Write,1004879360,16384,2029
1.28166E+17,web,3,Write,1004912128,16384,1926
1.28166E+17,web,3,Write,1004895744,16384,1828
1.28166E+17,web,3,Write,1004928512,16384,3375
1.28166E+17,web,3,Write,1004944896,16384,2832
1.28166E+17,web,3,Write,1004961280,16384,2126
1.28166E+17,web,3,Write,1004977664,16384,2241
1.28166E+17,web,3,Write,1004994048,16384,2183
1.28166E+17,web,3,Write,1005026816,16384,2337
1.28166E+17,web,3,Write,1005010432,16384,2215
1.28166E+17,web,3,Write,1005092352,16384,6122
1.28166E+17,web,3,Write,1005075968,16384,3703
1.28166E+17,web,3,Write,1005043200,16384,2361
1.28166E+17,web,3,Write,1005059584,16384,1900
1.28166E+17,web,3,Write,1005108736,16384,2952
1.28166E+17,web,3,Write,1005125120,16384,2228
1.28166E+17,web,3,Write,1005141504,16384,2210
1.28166E+17,web,3,Write,1005157888,16384,1877
1.28166E+17,web,3,Write,1005190656,16384,4660
1.28166E+17,web,3,Write,1005207040,16384,3511
1.28166E+17,web,3,Write,1005174272,16384,2237
1.28166E+17,web,3,Write,1005239808,16384,2050
1.28166E+17,web,3,Write,1005223424,16384,1990
1.28166E+17,web,3,Write,1005256192,32768,2762
1.28166E+17,web,3,Write,1005288960,32768,2755
1.28166E+17,web,3,Write,1005321728,16384,2272
1.28166E+17,web,3,Write,1005338112,16384,2108
1.28166E+17,web,3,Write,1005354496,16384,2278
1.28166E+17,web,3,Write,1005387264,16384,3456
1.28166E+17,web,3,Write,1005370880,16384,2177
1.28166E+17,web,3,Write,1005403648,32768,2782
1.28166E+17,web,3,Write,1005485568,16384,4536
1.28166E+17,web,3,Write,1005436416,49152,3359
1.28166E+17,web,3,Write,1005518336,16384,2079
1.28166E+17,web,3,Write,1005501952,16384,2063
1.28166E+17,web,3,Write,1005534720,16384,2115
1.28166E+17,web,3,Write,1005567488,16384,2109
1.28166E+17,web,3,Write,1005551104,16384,2071
1.28166E+17,web,3,Write,1005583872,49152,3383
1.28166E+17,web,3,Write,1005633024,16384,2183
1.28166E+17,web,3,Write,1005649408,16384,2185
1.28166E+17,web,3,Write,1005665792,16384,2229
1.28166E+17,web,3,Write,1005698560,16384,2984
1.28166E+17,web,3,Write,1005682176,16384,2276
1.28166E+17,web,3,Write,1005714944,16384,2523
1.28166E+17,web,3,Write,1005731328,16384,2203
1.28166E+17,web,3,Write,1005747712,16384,2066
1.28166E+17,web,3,Write,1005764096,16384,2148
1.28166E+17,web,3,Write,1005780480,16384,2210
1.28166E+17,web,3,Write,1005796864,16384,2303
1.28166E+17,web,3,Write,1005813248,16384,2302
1.28166E+17,web,3,Write,1005829632,16384,2185
1.28166E+17,web,3,Write,1005862400,16384,2179
1.28166E+17,web,3,Write,1005846016,16384,2098
1.28166E+17,web,3,Write,1005878784,16384,2691
1.28166E+17,web,3,Write,1005895168,16384,2208
1.28166E+17,web,3,Write,1005911552,65536,3896
1.28166E+17,web,3,Write,1005977088,65536,3801
1.28166E+17,web,3,Write,1006042624,65536,3729
1.28166E+17,web,3,Write,1006108160,65536,3656
1.28166E+17,web,3,Write,1006239232,65536,3730
1.28166E+17,web,3,Write,1006173696,65536,3685
1.28166E+17,web,3,Write,1006304768,65536,3836
1.28166E+17,web,3,Write,1006370304,65536,3793
1.28166E+17,web,3,Write,1006435840,65536,3715
1.28166E+17,web,3,Write,1006501376,65536,3682
1.28166E+17,web,3,Write,1006566912,65536,3640
1.28166E+17,web,3,Write,1006697984,65536,3694
1.28166E+17,web,3,Write,1006632448,65536,3642
1.28166E+17,web,3,Write,1006763520,65536,3749
1.28166E+17,web,3,Write,1006829056,49152,3677
1.28166E+17,web,3,Write,1006878208,16384,2110
1.28166E+17,web,3,Write,1006943744,16384,2228
1.28166E+17,web,3,Write,1006894592,16384,2186
1.28166E+17,web,3,Write,1006910976,16384,1847
1.28166E+17,web,3,Write,1006927360,16384,1810
1.28166E+17,web,3,Write,1006976512,16384,3021
1.28166E+17,web,3,Write,1006960128,16384,2086
1.28166E+17,web,3,Write,1006992896,16384,2174
1.28166E+17,web,3,Write,1007042048,16384,2138
1.28166E+17,web,3,Write,1007009280,16384,2015
1.28166E+17,web,3,Write,1007058432,16384,1893
1.28166E+17,web,3,Write,1007025664,16384,1806
1.28166E+17,web,3,Write,1007107584,16384,2934
1.28166E+17,web,3,Write,1007091200,16384,2141
1.28166E+17,web,3,Write,1007074816,16384,2076
1.28166E+17,web,3,Write,1007123968,65536,3779
1.28166E+17,web,3,Write,1007189504,65536,3641
1.28166E+17,web,3,Write,1007320576,65536,3711
1.28166E+17,web,3,Write,1007255040,65536,3672
1.28166E+17,web,3,Write,1007386112,65536,3627
1.28166E+17,web,3,Write,1007451648,65536,3749
1.28166E+17,web,3,Write,1007517184,65536,3721
1.28166E+17,web,3,Write,1007648256,65536,3638
1.28166E+17,web,3,Write,1007582720,65536,3626
1.28166E+17,web,3,Write,1007779328,65536,3815
1.28166E+17,web,3,Write,1007713792,65536,3699
1.28166E+17,web,3,Write,1007844864,65536,5195
1.28166E+17,web,3,Write,1007975936,65536,3720
1.28166E+17,web,3,Write,1007910400,65536,3668
1.28166E+17,web,3,Write,1008107008,65536,5815
1.28166E+17,web,3,Write,1008041472,65536,3799
1.28166E+17,web,3,Write,1008238080,65536,5623
1.28166E+17,web,3,Write,1008172544,65536,3656
1.28166E+17,web,3,Write,1008369152,49152,6639
1.28166E+17,web,3,Write,1008303616,65536,4398
1.28166E+17,web,3,Write,1008418304,16384,2153
1.28166E+17,web,3,Write,1008434688,16384,1783
1.28166E+17,web,3,Write,1008451072,16384,1754
1.28166E+17,web,3,Write,1008500224,16384,3466
1.28166E+17,web,3,Write,1008467456,16384,2597
1.28166E+17,web,3,Write,1008483840,16384,1988
1.28166E+17,web,3,Write,1008532992,16384,3642
1.28166E+17,web,3,Write,1008516608,16384,2084
1.28166E+17,web,3,Write,1008549376,16384,1864
1.28166E+17,web,3,Write,1008598528,16384,4079
1.28166E+17,web,3,Write,1008582144,16384,3452
1.28166E+17,web,3,Write,1008631296,16384,2109
1.28166E+17,web,3,Write,1008614912,16384,1808
1.28166E+17,web,3,Write,1008565760,16384,1799
1.28166E+17,web,3,Write,1008647680,16384,2303
1.28166E+17,web,3,Write,1008664064,65536,3931
1.28166E+17,web,3,Write,1008795136,65536,3842
1.28166E+17,web,3,Write,1008729600,65536,3778
1.28166E+17,web,3,Write,1008860672,65536,3724
1.28166E+17,web,3,Write,1008926208,65536,4004
1.28166E+17,web,3,Write,1008991744,65536,3694
1.28166E+17,web,3,Write,1009057280,65536,4734
1.28166E+17,web,3,Write,1009122816,16384,2064
1.28166E+17,web,3,Write,1009188352,16384,3239
1.28166E+17,web,3,Write,1009139200,16384,2209
1.28166E+17,web,3,Write,1009155584,16384,2110
1.28166E+17,web,3,Write,1009204736,16384,2029
1.28166E+17,web,3,Write,1009171968,16384,2024
1.28166E+17,web,3,Write,1009221120,16384,2060
1.28166E+17,web,3,Write,1009253888,16384,2021
1.28166E+17,web,3,Write,1009237504,16384,2013
1.28166E+17,web,3,Write,1009286656,16384,3349
1.28166E+17,web,3,Write,1009270272,16384,2361
1.28166E+17,web,3,Write,1009417728,16384,3854
1.28166E+17,web,3,Write,1009352192,16384,2582
1.28166E+17,web,3,Write,1009401344,16384,2568
1.28166E+17,web,3,Write,1009368576,16384,2272
1.28166E+17,web,3,Write,1009384960,16384,2258
1.28166E+17,web,3,Write,1009303040,16384,2214
1.28166E+17,web,3,Write,1009319424,16384,2081
1.28166E+17,web,3,Write,1009335808,16384,1880
1.28166E+17,web,3,Write,1009434112,16384,2167
1.28166E+17,web,3,Write,1009450496,16384,2042
1.28166E+17,web,3,Write,1009466880,16384,2314
1.28166E+17,web,3,Write,1009483264,16384,2304
1.28166E+17,web,3,Write,1009499648,16384,2130
1.28166E+17,web,3,Write,1009516032,16384,2218
1.28166E+17,web,3,Write,1009532416,16384,1978
1.28166E+17,web,3,Write,1009565184,65536,4196
1.28166E+17,web,3,Write,1009548800,16384,2193
1.28166E+17,web,3,Write,1009630720,16384,2149
1.28166E+17,web,3,Write,1009647104,16384,2209
1.28166E+17,web,3,Write,1009663488,16384,2012
1.28166E+17,web,3,Write,1009679872,16384,2293
1.28166E+17,web,3,Write,1009696256,16384,2248
1.28166E+17,web,3,Write,1009745408,16384,3692
1.28166E+17,web,3,Write,1009712640,16384,2195
1.28166E+17,web,3,Write,1009729024,16384,1934
1.28166E+17,web,3,Write,1009761792,16384,2220
1.28166E+17,web,3,Write,1009778176,65536,3738
1.28166E+17,web,3,Write,1009843712,65536,3621
1.28166E+17,web,3,Write,1009991168,49152,5076
1.28166E+17,web,3,Write,1010040320,32768,5047
1.28166E+17,web,3,Write,1009909248,65536,3797
1.28166E+17,web,3,Write,1009974784,16384,2107
1.28166E+17,web,3,Write,1010073088,32768,2727
1.28166E+17,web,3,Write,1010105856,16384,2234
1.28166E+17,web,3,Write,1010122240,16384,10144
1.28166E+17,web,3,Write,1010138624,32768,2734
1.28166E+17,web,3,Write,1010171392,32768,2692
1.28166E+17,web,3,Write,1010204160,16384,2202
1.28166E+17,web,3,Write,1010220544,65536,3772
1.28166E+17,web,3,Write,1010302464,16384,2228
1.28166E+17,web,3,Write,1010286080,16384,1851
1.28166E+17,web,3,Write,1010368000,16384,2433
1.28166E+17,web,3,Write,1010318848,16384,2296
1.28166E+17,web,3,Write,1010335232,16384,2044
1.28166E+17,web,3,Write,1010351616,16384,1777
1.28166E+17,web,3,Write,1010384384,16384,2169
1.28166E+17,web,3,Write,1010400768,16384,2217
1.28166E+17,web,3,Write,1010417152,16384,2224
1.28166E+17,web,3,Write,1010433536,16384,1827
1.28166E+17,web,3,Write,1010449920,16384,2229
1.28166E+17,web,3,Write,1010482688,16384,3327
1.28166E+17,web,3,Write,1010466304,16384,2211
1.28166E+17,web,3,Write,1010499072,16384,2179
1.28166E+17,web,3,Write,1010515456,16384,2131
1.28166E+17,web,3,Write,1010531840,16384,2111
1.28166E+17,web,3,Write,1010548224,16384,2108
1.28166E+17,web,3,Write,1010597376,16384,4907
1.28166E+17,web,3,Write,1010580992,16384,4331
1.28166E+17,web,3,Write,1010564608,16384,3497
1.28166E+17,web,3,Write,1010613760,16384,2276
1.28166E+17,web,3,Write,1010630144,16384,2210
1.28166E+17,web,3,Write,1010646528,16384,2171
1.28166E+17,web,3,Write,1010662912,16384,2175
1.28166E+17,web,3,Write,1010679296,16384,2295
1.28166E+17,web,3,Write,1010695680,16384,2260
1.28166E+17,web,3,Write,1010744832,16384,3905
1.28166E+17,web,3,Write,1010712064,32768,2931
1.28166E+17,web,3,Write,1010761216,16384,2149
1.28166E+17,web,3,Write,1010777600,16384,2124
1.28166E+17,web,3,Write,1010793984,32768,2740
1.28166E+17,web,3,Write,1010826752,16384,2167
1.28166E+17,web,3,Write,1010859520,32768,2635
1.28166E+17,web,3,Write,1010843136,16384,2112
1.28166E+17,web,3,Write,1010908672,16384,15791
1.28166E+17,web,3,Write,1010892288,16384,2227
1.28166E+17,web,3,Write,1010925056,16384,2809
1.28166E+17,web,3,Write,1010941440,16384,1800
1.28166E+17,web,3,Write,1010957824,16384,2209
1.28166E+17,web,3,Write,1010974208,65536,3885
1.28166E+17,web,3,Write,1011039744,16384,4473
1.28166E+17,web,3,Write,1011056128,16384,2192
1.28166E+17,web,3,Write,1011072512,16384,2238
1.28166E+17,web,3,Write,1011088896,16384,2061
1.28166E+17,web,3,Write,1011105280,32768,2741
1.28166E+17,web,3,Write,1011138048,16384,2707
1.28166E+17,web,3,Write,1011170816,32768,2581
1.28166E+17,web,3,Write,1011203584,16384,2041
1.28166E+17,web,3,Write,1011154432,16384,2042
1.28166E+17,web,3,Write,1011219968,32768,2620
1.28166E+17,web,3,Write,1011252736,16384,2195
1.28166E+17,web,3,Write,1011269120,16384,2156
1.28166E+17,web,3,Write,1011301888,16384,4134
1.28166E+17,web,3,Write,1011285504,16384,2182
1.28166E+17,web,3,Write,1011318272,16384,2059
1.28166E+17,web,3,Write,1011334656,32768,2660
1.28166E+17,web,3,Write,1011383808,16384,5068
1.28166E+17,web,3,Write,1011367424,16384,2290
1.28166E+17,web,3,Write,1011400192,16384,2082
1.28166E+17,web,3,Write,1011416576,65536,3836
1.28166E+17,web,3,Write,1011482112,65536,4317
1.28166E+17,web,3,Write,1011547648,65536,3796
1.28166E+17,web,3,Write,1011613184,65536,3697
1.28166E+17,web,3,Write,1011744256,65536,3949
1.28166E+17,web,3,Write,1011678720,65536,3890
1.28166E+17,web,3,Write,1011940864,65536,4209
1.28166E+17,web,3,Write,1011809792,65536,3729
1.28166E+17,web,3,Write,1011875328,65536,3718
1.28166E+17,web,3,Write,1012071936,65536,4129
1.28166E+17,web,3,Write,1012006400,65536,3745
1.28166E+17,web,3,Write,1012203008,65536,4907
1.28166E+17,web,3,Write,1012137472,65536,3739
1.28166E+17,web,3,Write,1012268544,65536,3632
1.28166E+17,web,3,Write,1012334080,32768,3410
1.28166E+17,web,3,Write,1012366848,16384,2241
1.28166E+17,web,3,Write,1012383232,16384,1848
1.28166E+17,web,3,Write,1012481536,16384,2310
1.28166E+17,web,3,Write,1012399616,16384,2248
1.28166E+17,web,3,Write,1012432384,16384,2009
1.28166E+17,web,3,Write,1012448768,16384,1886
1.28166E+17,web,3,Write,1012465152,16384,1837
1.28166E+17,web,3,Write,1012416000,16384,1774
1.28166E+17,web,3,Write,1012547072,16384,3165
1.28166E+17,web,3,Write,1012530688,16384,3025
1.28166E+17,web,3,Write,1012514304,16384,2945
1.28166E+17,web,3,Write,1012497920,16384,2123
1.28166E+17,web,3,Write,1012563456,16384,1924
1.28166E+17,web,3,Write,1012579840,16384,1780
1.28166E+17,web,3,Write,1012596224,16384,3771
1.28166E+17,web,3,Write,1012612608,16384,2081
1.28166E+17,web,3,Write,1012628992,65536,3771
1.28166E+17,web,3,Write,1012694528,65536,3687
1.28166E+17,web,3,Write,1012825600,65536,3961
1.28166E+17,web,3,Write,1012760064,65536,3689
1.28166E+17,web,3,Write,1012956672,65536,3700
1.28166E+17,web,3,Write,1012891136,65536,3681
1.28166E+17,web,3,Write,1013087744,65536,5769
1.28166E+17,web,3,Write,1013022208,65536,4104
1.28166E+17,web,3,Write,1013284352,65536,4170
1.28166E+17,web,3,Write,1013153280,65536,3712
1.28166E+17,web,3,Write,1013218816,65536,3701
1.28166E+17,web,3,Write,1013415424,65536,4141
1.28166E+17,web,3,Write,1013349888,65536,3725
1.28166E+17,web,3,Write,1013480960,65536,5154
1.28166E+17,web,3,Write,1013546496,65536,3749
1.28166E+17,web,3,Write,1013612032,65536,3722
1.28166E+17,web,3,Write,1013677568,65536,4732
1.28166E+17,web,3,Write,1013743104,65536,4642
1.28166E+17,web,3,Write,1013874176,65536,4548
1.28166E+17,web,3,Write,1013808640,65536,3603
1.28166E+17,web,3,Write,1014005248,65536,3718
1.28166E+17,web,3,Write,1013939712,65536,3651
1.28166E+17,web,3,Write,1014136320,65536,3693
1.28166E+17,web,3,Write,1014201856,65536,3666
1.28166E+17,web,3,Write,1014070784,65536,3641
1.28166E+17,web,3,Write,1014267392,65536,4844
1.28166E+17,web,3,Write,1014332928,49152,3162
1.28166E+17,web,3,Write,1014382080,16384,2206
1.28166E+17,web,3,Write,1014398464,16384,2172
1.28166E+17,web,3,Write,1014464000,32768,3546
1.28166E+17,web,3,Write,1014414848,32768,3388
1.28166E+17,web,3,Write,1014447616,16384,2223
1.28166E+17,web,3,Write,1014496768,16384,2831
1.28166E+17,web,3,Write,1014529536,32768,2837
1.28166E+17,web,3,Write,1014513152,16384,2649
1.28166E+17,web,3,Write,1014562304,32768,2585
1.28166E+17,web,3,Write,1014595072,32768,2704
1.28166E+17,web,3,Write,1014627840,32768,2577
1.28166E+17,web,3,Write,1014660608,32768,2642
1.28166E+17,web,3,Write,1014693376,32768,2631
1.28166E+17,web,3,Write,1014726144,16384,2284
1.28166E+17,web,3,Write,1014742528,16384,2179
1.28166E+17,web,3,Write,1014758912,32768,2757
1.28166E+17,web,3,Write,1014791680,32768,2741
1.28166E+17,web,3,Write,1014824448,16384,4377
1.28166E+17,web,3,Write,1014857216,16384,2548
1.28166E+17,web,3,Write,1014889984,16384,2503
1.28166E+17,web,3,Write,1014906368,16384,2431
1.28166E+17,web,3,Write,1014840832,16384,2197
1.28166E+17,web,3,Write,1014922752,16384,2056
1.28166E+17,web,3,Write,1014873600,16384,1856
1.28166E+17,web,3,Write,1014939136,16384,3541
1.28166E+17,web,3,Write,1014988288,16384,6589
1.28166E+17,web,3,Write,1014971904,16384,4068
1.28166E+17,web,3,Write,1015004672,16384,2798
1.28166E+17,web,3,Write,1014955520,16384,2374
1.28166E+17,web,3,Write,1015021056,16384,2016
1.28166E+17,web,3,Write,1015053824,16384,3119
1.28166E+17,web,3,Write,1015037440,16384,2168
1.28166E+17,web,3,Write,1015070208,16384,2178
1.28166E+17,web,3,Write,1015086592,16384,1789
1.28166E+17,web,3,Write,1015168512,16384,2506
1.28166E+17,web,3,Write,1015102976,16384,2075
1.28166E+17,web,3,Write,1015119360,16384,2060
1.28166E+17,web,3,Write,1015152128,16384,2010
1.28166E+17,web,3,Write,1015135744,16384,1799
1.28166E+17,web,3,Write,1015184896,16384,2053
1.28166E+17,web,3,Write,1015283200,16384,3070
1.28166E+17,web,3,Write,1015266816,16384,2401
1.28166E+17,web,3,Write,1015201280,16384,2156
1.28166E+17,web,3,Write,1015234048,16384,2010
1.28166E+17,web,3,Write,1015299584,16384,1885
1.28166E+17,web,3,Write,1015250432,16384,1811
1.28166E+17,web,3,Write,1015217664,16384,1807
1.28166E+17,web,3,Write,1015315968,16384,2121
1.28166E+17,web,3,Write,1015332352,32768,2742
1.28166E+17,web,3,Write,1015365120,16384,4109
1.28166E+17,web,3,Write,1015397888,32768,3370
1.28166E+17,web,3,Write,1015381504,16384,2815
1.28166E+17,web,3,Write,1015430656,32768,2575
1.28166E+17,web,3,Write,1015463424,32768,2570
1.28166E+17,web,3,Write,1015512576,16384,2727
1.28166E+17,web,3,Write,1015528960,16384,2645
1.28166E+17,web,3,Write,1015496192,16384,2162
1.28166E+17,web,3,Write,1015545344,16384,2204
1.28166E+17,web,3,Write,1015561728,16384,1849
1.28166E+17,web,3,Write,1015578112,32768,3262
1.28166E+17,web,3,Write,1015610880,16384,2230
1.28166E+17,web,3,Write,1015627264,16384,2311
1.28166E+17,web,3,Write,1015643648,16384,2176
1.28166E+17,web,3,Write,1015676416,16384,2255
1.28166E+17,web,3,Write,1015660032,16384,2202
1.28166E+17,web,3,Write,1015692800,16384,2461
1.28166E+17,web,3,Write,1015709184,32768,2945
1.28166E+17,web,3,Write,1015741952,16384,2495
1.28166E+17,web,3,Write,1015774720,16384,2297
1.28166E+17,web,3,Write,1015758336,16384,2272
1.28166E+17,web,3,Write,1015791104,16384,2096
1.28166E+17,web,3,Write,1015840256,16384,3484
1.28166E+17,web,3,Write,1015823872,16384,3146
1.28166E+17,web,3,Write,1015807488,16384,1944
1.28166E+17,web,3,Write,1015856640,16384,2176
1.28166E+17,web,3,Write,1015889408,16384,4014
1.28166E+17,web,3,Write,1015905792,16384,2697
1.28166E+17,web,3,Write,1015873024,16384,2573
1.28166E+17,web,3,Write,1015922176,16384,2086
1.28166E+17,web,3,Write,1015938560,16384,2203
1.28166E+17,web,3,Write,1015954944,16384,2213
1.28166E+17,web,3,Write,1015971328,16384,2202
1.28166E+17,web,3,Write,1015987712,16384,2228
1.28166E+17,web,3,Write,1016004096,16384,2074
1.28166E+17,web,3,Write,1016020480,16384,2044
1.28166E+17,web,3,Write,1016036864,16384,2222
1.28166E+17,web,3,Write,1016053248,16384,2561
1.28166E+17,web,3,Write,1016069632,16384,2205
1.28166E+17,web,3,Write,1016086016,16384,2220
1.28166E+17,web,3,Write,1016102400,16384,2259
1.28166E+17,web,3,Write,1016118784,16384,2196
1.28166E+17,web,3,Write,1016135168,16384,2173
1.28166E+17,web,3,Write,1016151552,16384,2111
1.28166E+17,web,3,Write,1016167936,16384,2181
1.28166E+17,web,3,Write,1016184320,16384,2162
1.28166E+17,web,3,Write,1016200704,16384,2234
1.28166E+17,web,3,Write,1016217088,16384,2199
1.28166E+17,web,3,Write,1016233472,16384,2027
1.28166E+17,web,3,Write,1016249856,16384,2201
1.28166E+17,web,3,Write,1016266240,16384,2192
1.28166E+17,web,3,Write,1016282624,16384,2210
1.28166E+17,web,3,Write,1016299008,16384,2238
1.28166E+17,web,3,Write,1016315392,16384,3627
1.28166E+17,web,3,Write,1016331776,16384,2074
1.28166E+17,web,3,Write,1016348160,16384,2048
1.28166E+17,web,3,Write,1016364544,16384,2221
1.28166E+17,web,3,Write,1016380928,16384,2241
1.28166E+17,web,3,Write,1016397312,16384,2177
1.28166E+17,web,3,Write,1016413696,16384,2205
1.28166E+17,web,3,Write,1016430080,16384,4213
1.28166E+17,web,3,Write,1016446464,16384,2204
1.28166E+17,web,3,Write,1016462848,16384,2209
1.28166E+17,web,3,Write,1016479232,16384,2140
1.28166E+17,web,3,Write,1016495616,16384,2083
1.28166E+17,web,3,Write,1016528384,16384,2164
1.28166E+17,web,3,Write,1016512000,16384,2089
1.28166E+17,web,3,Write,1016544768,16384,2088
1.28166E+17,web,3,Write,1016561152,16384,2321
1.28166E+17,web,3,Write,1016577536,16384,2380
1.28166E+17,web,3,Write,1016593920,16384,2154
1.28166E+17,web,3,Write,1016610304,16384,2261
1.28166E+17,web,3,Write,1016626688,16384,2316
1.28166E+17,web,3,Write,1016643072,16384,2220
1.28166E+17,web,3,Write,1016659456,16384,2221
1.28166E+17,web,3,Write,1016675840,16384,2164
1.28166E+17,web,3,Write,1016692224,16384,2952
1.28166E+17,web,3,Write,1016708608,16384,2244
1.28166E+17,web,3,Write,1016724992,16384,2221
1.28166E+17,web,3,Write,1016741376,16384,2203
1.28166E+17,web,3,Write,1016757760,16384,2234
1.28166E+17,web,3,Write,1016774144,16384,2239
1.28166E+17,web,3,Write,1016790528,16384,2214
1.28166E+17,web,3,Write,1016806912,16384,2229
1.28166E+17,web,3,Write,1016823296,16384,2245
1.28166E+17,web,3,Write,1016839680,16384,2257
1.28166E+17,web,3,Write,1016937984,16384,2543
1.28166E+17,web,3,Write,1016872448,16384,2386
1.28166E+17,web,3,Write,1016921600,16384,2345
1.28166E+17,web,3,Write,1016856064,16384,2280
1.28166E+17,web,3,Write,1016905216,16384,2160
1.28166E+17,web,3,Write,1016888832,16384,1870
1.28166E+17,web,3,Write,1016954368,16384,1858
1.28166E+17,web,3,Write,1016970752,16384,2216
1.28166E+17,web,3,Write,1016987136,16384,2208
1.28166E+17,web,3,Write,1017003520,16384,2234
1.28166E+17,web,3,Write,1017019904,16384,2236
1.28166E+17,web,3,Write,1017036288,16384,2229
1.28166E+17,web,3,Write,1017052672,16384,2246
1.28166E+17,web,3,Write,1017069056,16384,3425
1.28166E+17,web,3,Write,1017085440,16384,2233
1.28166E+17,web,3,Write,1017101824,16384,2193
1.28166E+17,web,3,Write,1017118208,16384,2293
1.28166E+17,web,3,Write,1017134592,16384,2234
1.28166E+17,web,3,Write,1017150976,16384,4017
1.28166E+17,web,3,Write,1017167360,16384,2219
1.28166E+17,web,3,Write,1017183744,16384,2208
1.28166E+17,web,3,Write,1017200128,16384,2215
1.28166E+17,web,3,Write,1017216512,16384,2271
1.28166E+17,web,3,Write,1017232896,16384,2215
1.28166E+17,web,3,Write,1017249280,16384,2216
1.28166E+17,web,3,Write,1017265664,16384,2283
1.28166E+17,web,3,Write,1017282048,16384,2093
1.28166E+17,web,3,Write,1017298432,16384,2097
1.28166E+17,web,3,Write,1017314816,16384,2050
1.28166E+17,web,3,Write,1017331200,16384,2041
1.28166E+17,web,3,Write,1017347584,16384,2265
1.28166E+17,web,3,Write,1017363968,16384,2208
1.28166E+17,web,3,Write,1017380352,16384,2185
1.28166E+17,web,3,Write,1017396736,16384,2236
1.28166E+17,web,3,Write,1017413120,16384,2275
1.28166E+17,web,3,Write,1017429504,16384,2278
1.28166E+17,web,3,Write,1017445888,16384,2215
1.28166E+17,web,3,Write,1017462272,16384,2243
1.28166E+17,web,3,Write,1017478656,16384,2246
1.28166E+17,web,3,Write,1017495040,16384,2232
1.28166E+17,web,3,Write,1017511424,16384,3443
1.28166E+17,web,3,Write,1017527808,16384,2440
1.28166E+17,web,3,Write,1017544192,16384,2224
1.28166E+17,web,3,Write,1017560576,16384,2217
1.28166E+17,web,3,Write,1017576960,16384,2296
1.28166E+17,web,3,Write,1017593344,16384,2210
1.28166E+17,web,3,Write,1017609728,16384,2204
1.28166E+17,web,3,Write,1017626112,16384,2193
1.28166E+17,web,3,Write,1017642496,16384,2232
1.28166E+17,web,3,Write,1017658880,16384,3260
1.28166E+17,web,3,Write,1017675264,16384,2053
1.28166E+17,web,3,Write,1017691648,16384,2043
1.28166E+17,web,3,Write,1017708032,16384,2223
1.28166E+17,web,3,Write,1017724416,16384,3129
1.28166E+17,web,3,Write,1017740800,16384,2222
1.28166E+17,web,3,Write,1017757184,16384,2210
1.28166E+17,web,3,Write,1017773568,16384,2230
1.28166E+17,web,3,Write,1017789952,16384,2120
1.28166E+17,web,3,Write,1017806336,16384,2234
1.28166E+17,web,3,Write,1017822720,16384,3173
1.28166E+17,web,3,Write,1017839104,16384,2201
1.28166E+17,web,3,Write,1017855488,16384,2222
1.28166E+17,web,3,Write,1017871872,16384,2272
1.28166E+17,web,3,Write,1017888256,16384,2204
1.28166E+17,web,3,Write,1017904640,16384,2234
1.28166E+17,web,3,Write,1017921024,16384,2224
1.28166E+17,web,3,Write,1017953792,16384,2199
1.28166E+17,web,3,Write,1017937408,16384,2182
1.28166E+17,web,3,Write,1017970176,16384,2179
1.28166E+17,web,3,Write,1017986560,16384,2278
1.28166E+17,web,3,Write,1018002944,16384,2221
1.28166E+17,web,3,Write,1018019328,16384,2226
1.28166E+17,web,3,Write,1018035712,16384,2231
1.28166E+17,web,3,Write,1018052096,16384,2227
1.28166E+17,web,3,Write,1018068480,16384,2213
1.28166E+17,web,3,Write,1018084864,16384,2228
1.28166E+17,web,3,Write,1018101248,16384,3530
1.28166E+17,web,3,Write,1018117632,16384,2194
1.28166E+17,web,3,Write,1018134016,16384,2182
1.28166E+17,web,3,Write,1018150400,16384,2285
1.28166E+17,web,3,Write,1018166784,16384,2211
1.28166E+17,web,3,Write,1018183168,16384,2213
1.28166E+17,web,3,Write,1018199552,16384,2235
1.28166E+17,web,3,Write,1018215936,16384,2256
1.28166E+17,web,3,Write,1018232320,16384,2311
1.28166E+17,web,3,Write,1018248704,16384,2194
1.28166E+17,web,3,Write,1018265088,16384,2182
1.28166E+17,web,3,Write,1018281472,16384,2265
1.28166E+17,web,3,Write,1018297856,16384,2239
1.28166E+17,web,3,Write,1018314240,16384,2665
1.28166E+17,web,3,Write,1018330624,16384,2258
1.28166E+17,web,3,Write,1018347008,16384,2287
1.28166E+17,web,3,Write,1018363392,16384,2231
1.28166E+17,web,3,Write,1018379776,16384,2216
1.28166E+17,web,3,Write,1018396160,16384,2233
1.28166E+17,web,3,Write,1018412544,16384,2214
1.28166E+17,web,3,Write,1018428928,16384,2181
1.28166E+17,web,3,Write,1018445312,16384,2224
1.28167E+17,web,3,Write,1018461696,16384,2228
1.28167E+17,web,3,Write,1018478080,16384,2228
1.28167E+17,web,3,Write,1018494464,16384,2288
1.28167E+17,web,3,Write,1018510848,16384,2234
1.28167E+17,web,3,Write,1018527232,16384,2185
1.28167E+17,web,3,Write,1018543616,16384,2184
1.28167E+17,web,3,Write,1018560000,16384,2873
1.28167E+17,web,3,Write,1018576384,16384,2092
1.28167E+17,web,3,Write,1018592768,16384,2337
1.28167E+17,web,3,Write,1018609152,16384,2231
1.28167E+17,web,3,Write,1018625536,16384,2231
1.28167E+17,web,3,Write,1018641920,16384,2238
1.28167E+17,web,3,Write,1018658304,16384,2250
1.28167E+17,web,3,Write,1018674688,16384,2223
1.28167E+17,web,3,Write,1018691072,16384,2225
1.28167E+17,web,3,Write,1018707456,16384,2174
1.28167E+17,web,3,Write,1018723840,16384,2251
1.28167E+17,web,3,Write,1018740224,16384,2143
1.28167E+17,web,3,Write,1018756608,16384,2275
1.28167E+17,web,3,Write,1018772992,16384,2227
1.28167E+17,web,3,Write,1018789376,16384,2236
1.28167E+17,web,3,Write,1018805760,16384,2243
1.28167E+17,web,3,Write,1018822144,16384,2215
1.28167E+17,web,3,Write,1018838528,16384,2218
1.28167E+17,web,3,Write,1018854912,16384,2275
1.28167E+17,web,3,Write,1018871296,16384,2236
1.28167E+17,web,3,Write,1018887680,16384,2229
1.28167E+17,web,3,Write,1018904064,16384,2201
1.28167E+17,web,3,Write,1018920448,16384,2226
1.28167E+17,web,3,Write,1018936832,16384,2247
1.28167E+17,web,3,Write,1018953216,16384,2330
1.28167E+17,web,3,Write,1018969600,16384,2185
1.28167E+17,web,3,Write,1018985984,16384,2238
1.28167E+17,web,3,Write,1019002368,16384,2152
1.28167E+17,web,3,Write,1019018752,16384,2247
1.28167E+17,web,3,Write,1019035136,16384,2232
1.28167E+17,web,3,Write,1019051520,16384,2220
1.28167E+17,web,3,Write,1019067904,16384,2344
1.28167E+17,web,3,Write,1019084288,16384,2224
1.28167E+17,web,3,Write,1019100672,16384,2221
1.28167E+17,web,3,Write,1019117056,16384,2227
1.28167E+17,web,3,Write,1019133440,16384,2794
1.28167E+17,web,3,Write,1019149824,16384,2231
1.28167E+17,web,3,Write,1019166208,16384,2266
1.28167E+17,web,3,Write,1019182592,16384,2265
1.28167E+17,web,3,Write,1019198976,16384,2209
1.28167E+17,web,3,Write,1019215360,16384,2173
1.28167E+17,web,3,Write,1019231744,16384,2252
1.28167E+17,web,3,Write,1019248128,16384,3149
1.28167E+17,web,3,Write,1019264512,16384,2260
1.28167E+17,web,3,Write,1019280896,16384,2290
1.28167E+17,web,3,Write,1019297280,16384,2508
1.28167E+17,web,3,Write,1019313664,16384,2245
1.28167E+17,web,3,Write,1019330048,16384,2214
1.28167E+17,web,3,Write,1019346432,16384,2215
1.28167E+17,web,3,Write,1019362816,16384,2226
1.28167E+17,web,3,Write,1019379200,16384,2203
1.28167E+17,web,3,Write,1019395584,16384,2224
1.28167E+17,web,3,Write,1019411968,16384,2214
1.28167E+17,web,3,Write,1019428352,16384,2203
1.28167E+17,web,3,Write,1019444736,16384,2287
1.28167E+17,web,3,Write,1019461120,16384,2202
1.28167E+17,web,3,Write,1019477504,16384,2246
1.28167E+17,web,3,Write,1019493888,16384,2251
1.28167E+17,web,3,Write,1019510272,16384,2230
1.28167E+17,web,3,Write,1019526656,16384,2202
1.28167E+17,web,3,Write,1019543040,16384,2206
1.28167E+17,web,3,Write,1019559424,16384,2195
1.28167E+17,web,3,Write,1019575808,16384,2275
1.28167E+17,web,3,Write,1019592192,16384,2284
1.28167E+17,web,3,Write,1019608576,16384,2214
1.28167E+17,web,3,Write,1019624960,16384,2248
1.28167E+17,web,3,Write,1019641344,16384,3811
1.28167E+17,web,3,Write,1019657728,16384,2253
1.28167E+17,web,3,Write,1019674112,16384,2281
1.28167E+17,web,3,Write,1019690496,16384,2237
1.28167E+17,web,3,Write,1019706880,16384,2218
1.28167E+17,web,3,Write,1019723264,16384,2196
1.28167E+17,web,3,Write,1019739648,16384,2172
1.28167E+17,web,3,Write,1019756032,16384,2129
1.28167E+17,web,3,Write,1019772416,16384,2245
1.28167E+17,web,3,Write,1019788800,16384,2198
1.28167E+17,web,3,Write,1019805184,16384,2654
1.28167E+17,web,3,Write,1019821568,16384,2224
1.28167E+17,web,3,Write,1019837952,16384,2238
1.28167E+17,web,3,Write,1019854336,16384,2204
1.28167E+17,web,3,Write,1019870720,32768,2770
1.28167E+17,web,3,Write,1019903488,16384,2214
1.28167E+17,web,3,Write,1019919872,16384,2257
1.28167E+17,web,3,Write,1019936256,16384,2069
1.28167E+17,web,3,Write,1019952640,16384,2290
1.28167E+17,web,3,Write,1019969024,16384,2261
1.28167E+17,web,3,Write,1019985408,16384,2307
1.28167E+17,web,3,Write,1020001792,16384,2240
1.28167E+17,web,3,Write,1020018176,16384,2240
1.28167E+17,web,3,Write,1020034560,16384,2244
1.28167E+17,web,3,Write,1020050944,16384,2241
1.28167E+17,web,3,Write,1020067328,16384,2279
1.28167E+17,web,3,Write,1020083712,16384,2238
1.28167E+17,web,3,Write,1020100096,16384,2239
1.28167E+17,web,3,Write,1020116480,16384,2221
1.28167E+17,web,3,Write,1020132864,16384,2218
1.28167E+17,web,3,Write,1020149248,16384,2236
1.28167E+17,web,3,Write,1020165632,16384,2217
1.28167E+17,web,3,Write,1020182016,16384,2225
1.28167E+17,web,3,Write,1020198400,16384,2239
1.28167E+17,web,3,Write,1020214784,16384,2227
1.28167E+17,web,3,Write,1020231168,16384,2239
1.28167E+17,web,3,Write,1020247552,16384,2208
1.28167E+17,web,3,Write,1020263936,16384,3029
1.28167E+17,web,3,Write,1020280320,16384,2309
1.28167E+17,web,3,Write,1020296704,16384,2242
1.28167E+17,web,3,Write,1020313088,16384,2310
1.28167E+17,web,3,Write,1020329472,16384,2223
1.28167E+17,web,3,Write,1020345856,16384,3494
1.28167E+17,web,3,Write,1020362240,16384,2246
1.28167E+17,web,3,Write,1020378624,16384,2848
1.28167E+17,web,3,Write,1020395008,16384,2021
1.28167E+17,web,3,Write,86998528,8192,2786
1.28167E+17,web,3,Write,87055872,8192,2055
1.28167E+17,web,3,Write,86949376,8192,1786
1.28167E+17,web,3,Read,87211520,65536,201908
1.28167E+17,web,3,Read,87277056,65536,201249
1.28167E+17,web,3,Write,87080448,8192,3269
1.28167E+17,web,3,Write,89923072,8192,2545
1.28167E+17,web,3,Write,89562624,8192,2120
1.28167E+17,web,3,Write,91422208,8192,2084
1.28167E+17,web,3,Write,93543936,8192,1877
1.28167E+17,web,3,Write,88374784,8192,1804
1.28167E+17,web,3,Write,89898496,8192,1677
1.28167E+17,web,3,Write,87023104,8192,1415
1.28167E+17,web,3,Write,91708928,8192,1206
1.28167E+17,web,3,Read,87080448,65536,579099
1.28167E+17,web,3,Read,87145984,65536,578179
1.28167E+17,web,3,Read,87014912,65536,546862
1.28167E+17,web,3,Read,86949376,65536,545567
1.28167E+17,web,3,Read,87670272,65536,63478
1.28167E+17,web,3,Read,87735808,65536,60931
1.28167E+17,web,3,Read,87539200,65536,57137
1.28167E+17,web,3,Read,87604736,65536,49659
1.28167E+17,web,3,Read,87473664,65536,43331
1.28167E+17,web,3,Read,87801344,65536,33902
1.28167E+17,web,3,Read,87408128,65536,31621
1.28167E+17,web,3,Read,87866880,65536,12912
1.28167E+17,web,3,Read,87342592,65536,10941
1.28167E+17,web,3,Read,87932416,65536,9066
1.28167E+17,web,3,Read,88260096,65536,85105
1.28167E+17,web,3,Read,87997952,65536,79318
1.28167E+17,web,3,Read,88063488,65536,38733
1.28167E+17,web,3,Read,88194560,65536,26503
1.28167E+17,web,3,Read,88391168,65536,16964
1.28167E+17,web,3,Read,88325632,65536,13690
1.28167E+17,web,3,Read,88129024,65536,12567
1.28167E+17,web,3,Read,88456704,65536,8492
1.28167E+17,web,3,Read,88915456,65536,66237
1.28167E+17,web,3,Read,89177600,65536,64257
1.28167E+17,web,3,Read,89243136,65536,61987
1.28167E+17,web,3,Read,89046528,65536,45933
1.28167E+17,web,3,Read,88784384,65536,40933
1.28167E+17,web,3,Read,88980992,65536,39952
1.28167E+17,web,3,Read,89112064,65536,30442
1.28167E+17,web,3,Read,88522240,65536,21299
1.28167E+17,web,3,Read,88587776,65536,21189
1.28167E+17,web,3,Read,88653312,65536,19672
1.28167E+17,web,3,Read,88849920,65536,17739
1.28167E+17,web,3,Read,89439744,65536,17289
1.28167E+17,web,3,Read,88718848,65536,15031
1.28167E+17,web,3,Read,89308672,65536,50293
1.28167E+17,web,3,Read,89374208,65536,45461
1.28167E+17,web,3,Read,89767424,65536,39293
1.28167E+17,web,3,Read,89701888,65536,34876
1.28167E+17,web,3,Read,89505280,65536,17702
1.28167E+17,web,3,Read,89636352,65536,17462
1.28167E+17,web,3,Read,89570816,65536,9611
1.28167E+17,web,3,Read,89898496,65536,12612
1.28167E+17,web,3,Read,89832960,65536,59823
1.28167E+17,web,3,Read,89964032,65536,54724
1.28167E+17,web,3,Read,90029568,65536,35837
1.28167E+17,web,3,Read,90095104,65536,17911
1.28167E+17,web,3,Read,90160640,65536,17731
1.28167E+17,web,3,Read,90226176,65536,16971
1.28167E+17,web,3,Read,90357248,65536,12273
1.28167E+17,web,3,Read,90291712,65536,10002
1.28167E+17,web,3,Read,90488320,65536,9864
1.28167E+17,web,3,Read,90422784,65536,62924
1.28167E+17,web,3,Read,90947072,65536,58734
1.28167E+17,web,3,Read,90881536,65536,57253
1.28167E+17,web,3,Read,90816000,65536,55060
1.28167E+17,web,3,Read,90553856,65536,47054
1.28167E+17,web,3,Read,91012608,65536,45244
1.28167E+17,web,3,Read,90750464,65536,27385
1.28167E+17,web,3,Read,90619392,65536,24388
1.28167E+17,web,3,Read,90684928,65536,23552
1.28167E+17,web,3,Read,91340288,65536,17530
1.28167E+17,web,3,Read,91078144,65536,13482
1.28167E+17,web,3,Read,91405824,65536,10444
1.28167E+17,web,3,Read,91274752,65536,8618
1.28167E+17,web,3,Read,91471360,65536,75061
1.28167E+17,web,3,Read,91667968,65536,72183
1.28167E+17,web,3,Read,92847616,65536,66252
1.28167E+17,web,3,Read,92978688,65536,60729
1.28167E+17,web,3,Read,92913152,65536,58846
1.28167E+17,web,3,Read,93044224,65536,53356
1.28167E+17,web,3,Read,92782080,65536,52167
1.28167E+17,web,3,Read,93109760,65536,32951
1.28167E+17,web,3,Read,91602432,65536,30336
1.28167E+17,web,3,Read,91536896,65536,21480
1.28167E+17,web,3,Read,93175296,65536,8858
1.28167E+17,web,3,Read,93502976,65536,60775
1.28167E+17,web,3,Read,93437440,65536,21306
1.28167E+17,web,3,Read,93240832,65536,17165
1.28167E+17,web,3,Read,93306368,65536,17058
1.28167E+17,web,3,Read,93371904,65536,16938
1.28167E+17,web,3,Read,93699584,65536,16356
1.28167E+17,web,3,Read,93634048,65536,16094
1.28167E+17,web,3,Read,93568512,65536,9661
1.28167E+17,web,3,Write,1020411392,16384,2152
1.28167E+17,web,3,Write,87023104,8192,1497
1.28167E+17,web,3,Write,1020427776,16384,2223
1.28167E+17,web,3,Write,1020444160,16384,2115
1.28167E+17,web,3,Write,1020460544,16384,2239
1.28167E+17,web,3,Write,1020476928,16384,2189
1.28167E+17,web,3,Write,1020493312,16384,2380
1.28167E+17,web,3,Write,1020509696,16384,2458
1.28167E+17,web,3,Write,1020526080,16384,2649
1.28167E+17,web,3,Write,1020542464,16384,2484
1.28167E+17,web,3,Write,1020558848,16384,2541
1.28167E+17,web,3,Write,1020575232,16384,2471
1.28167E+17,web,3,Write,1020591616,16384,2536
1.28167E+17,web,3,Write,1020608000,16384,2509
1.28167E+17,web,3,Write,1020624384,16384,2405
1.28167E+17,web,3,Write,1020640768,16384,1844
1.28167E+17,web,3,Write,1020657152,16384,2122
1.28167E+17,web,3,Write,1020673536,16384,2093
1.28167E+17,web,3,Write,1020689920,16384,2473
1.28167E+17,web,3,Write,1020706304,65536,4100
1.28167E+17,web,3,Write,1020771840,65536,3717
1.28167E+17,web,3,Write,1020837376,65536,4098
1.28167E+17,web,3,Write,1020902912,65536,3680
1.28167E+17,web,3,Write,1020968448,49152,3228
1.28167E+17,web,3,Write,1021017600,32768,2646
1.28167E+17,web,3,Write,1021050368,16384,2143
1.28167E+17,web,3,Write,1021066752,16384,2219
1.28167E+17,web,3,Write,1021083136,16384,2318
1.28167E+17,web,3,Write,1021115904,16384,2118
1.28167E+17,web,3,Write,1021099520,16384,2086
1.28167E+17,web,3,Write,1021132288,16384,2091
1.28167E+17,web,3,Write,1021148672,16384,2312
1.28167E+17,web,3,Write,1021165056,16384,2401
1.28167E+17,web,3,Write,1021181440,32768,2884
1.28167E+17,web,3,Write,1021214208,16384,2314
1.28167E+17,web,3,Write,1021230592,16384,2168
1.28167E+17,web,3,Write,1021246976,16384,2285
1.28167E+17,web,3,Write,1021263360,16384,2122
1.28167E+17,web,3,Write,1021279744,16384,2270
1.28167E+17,web,3,Write,1021296128,16384,2143
1.28167E+17,web,3,Write,1021312512,16384,2179
1.28167E+17,web,3,Write,1021328896,16384,2316
1.28167E+17,web,3,Write,1021345280,16384,2176
1.28167E+17,web,3,Write,1021361664,16384,2139
1.28167E+17,web,3,Write,1021378048,65536,3721
1.28167E+17,web,3,Write,1021459968,16384,2155
1.28167E+17,web,3,Write,1021443584,16384,2115
1.28167E+17,web,3,Write,1021476352,16384,2188
1.28167E+17,web,3,Write,1021492736,16384,2102
1.28167E+17,web,3,Write,1021509120,16384,2186
1.28167E+17,web,3,Write,1021525504,16384,2162
1.28167E+17,web,3,Write,1021574656,16384,4326
1.28167E+17,web,3,Write,1021541888,16384,3838
1.28167E+17,web,3,Write,1021558272,16384,2149
1.28167E+17,web,3,Write,1021591040,16384,2181
1.28167E+17,web,3,Write,1021607424,16384,2158
1.28167E+17,web,3,Write,1021623808,16384,2206
1.28167E+17,web,3,Write,1021640192,16384,2157
1.28167E+17,web,3,Write,1021672960,32768,2654
1.28167E+17,web,3,Write,1021656576,16384,2213
1.28167E+17,web,3,Write,1021705728,32768,2880
1.28167E+17,web,3,Write,1021738496,16384,2301
1.28167E+17,web,3,Write,1021754880,49152,3404
1.28167E+17,web,3,Write,1021804032,16384,2434
1.28167E+17,web,3,Write,1021820416,16384,2215
1.28167E+17,web,3,Write,1021836800,16384,2114
1.28167E+17,web,3,Write,1021853184,16384,2160
1.28167E+17,web,3,Write,1021869568,16384,2109
1.28167E+17,web,3,Write,1021902336,16384,2143
1.28167E+17,web,3,Write,1021885952,16384,2133
1.28167E+17,web,3,Write,1021918720,16384,2203
1.28167E+17,web,3,Write,1021935104,16384,2150
1.28167E+17,web,3,Write,1021951488,16384,2056
1.28167E+17,web,3,Write,1021984256,49152,3260
1.28167E+17,web,3,Write,1021967872,16384,2183
1.28167E+17,web,3,Write,1022033408,16384,2215
1.28167E+17,web,3,Write,1022049792,16384,2237
1.28167E+17,web,3,Write,1022066176,16384,2161
1.28167E+17,web,3,Write,1022082560,16384,2140
1.28167E+17,web,3,Write,1022098944,16384,2178
1.28167E+17,web,3,Write,1022115328,16384,2089
1.28167E+17,web,3,Write,1022131712,32768,2658
1.28167E+17,web,3,Write,1022180864,16384,2145
1.28167E+17,web,3,Write,1022164480,16384,2079
1.28167E+17,web,3,Write,1022197248,16384,2387
1.28167E+17,web,3,Write,1022213632,16384,2117
1.28167E+17,web,3,Write,1022230016,32768,2905
1.28167E+17,web,3,Write,1022279168,16384,2114
1.28167E+17,web,3,Write,1022262784,16384,2107
1.28167E+17,web,3,Write,1022295552,49152,3464
1.28167E+17,web,3,Write,1022344704,16384,2259
1.28167E+17,web,3,Write,1022377472,65536,3822
1.28167E+17,web,3,Write,1022361088,16384,2353
1.28167E+17,web,3,Write,1022443008,16384,2151
1.28167E+17,web,3,Write,1022459392,16384,2269
1.28167E+17,web,3,Write,1022475776,16384,2619
1.28167E+17,web,3,Write,1022492160,16384,2420
1.28167E+17,web,3,Write,1022508544,16384,2111
1.28167E+17,web,3,Write,1022541312,16384,3587
1.28167E+17,web,3,Write,1022524928,16384,2156
1.28167E+17,web,3,Write,1022557696,16384,2135
1.28167E+17,web,3,Write,1022574080,32768,2665
1.28167E+17,web,3,Write,1022623232,16384,3237
1.28167E+17,web,3,Write,1022606848,16384,2142
1.28167E+17,web,3,Write,1022639616,32768,2673
1.28167E+17,web,3,Write,1022672384,16384,2155
1.28167E+17,web,3,Write,1022705152,32768,2664
1.28167E+17,web,3,Write,1022688768,16384,2135
1.28167E+17,web,3,Write,1022754304,32768,3197
1.28167E+17,web,3,Write,1022737920,16384,3001
1.28167E+17,web,3,Write,1022787072,16384,2165
1.28167E+17,web,3,Write,1022819840,32768,2879
1.28167E+17,web,3,Write,1022803456,16384,2153
1.28167E+17,web,3,Write,1022852608,49152,3541
1.28167E+17,web,3,Write,1022901760,16384,2275
1.28167E+17,web,3,Write,1022918144,16384,2179
1.28167E+17,web,3,Write,1022934528,65536,3934
1.28167E+17,web,3,Write,1023000064,65536,3791
1.28167E+17,web,3,Write,1023065600,32768,4337
1.28167E+17,web,3,Write,1023098368,16384,2191
1.28167E+17,web,3,Write,1023114752,16384,2130
1.28167E+17,web,3,Write,1023131136,49152,3194
1.28167E+17,web,3,Write,1023180288,32768,4021
1.28167E+17,web,3,Write,1023229440,65536,3716
1.28167E+17,web,3,Write,1023213056,16384,2195
1.28167E+17,web,3,Write,1023294976,32768,2683
1.28167E+17,web,3,Write,1023327744,32768,2590
1.28167E+17,web,3,Write,1023376896,16384,2161
1.28167E+17,web,3,Write,1023360512,16384,2142
1.28167E+17,web,3,Write,1023393280,16384,2152
1.28167E+17,web,3,Write,1023409664,16384,2118
1.28167E+17,web,3,Write,1023442432,32768,2649
1.28167E+17,web,3,Write,1023426048,16384,2135
1.28167E+17,web,3,Write,1023475200,16384,2114
1.28167E+17,web,3,Write,1023491584,16384,2162
1.28167E+17,web,3,Write,1023507968,16384,2398
1.28167E+17,web,3,Write,1023524352,32768,2802
1.28167E+17,web,3,Write,1023557120,16384,2109
1.28167E+17,web,3,Write,1023573504,16384,2280
1.28167E+17,web,3,Write,1023589888,16384,2401
1.28167E+17,web,3,Write,1023606272,16384,2284
1.28167E+17,web,3,Write,1023622656,16384,3241
1.28167E+17,web,3,Write,1023639040,16384,2288
1.28167E+17,web,3,Write,1023655424,16384,2330
1.28167E+17,web,3,Write,1023671808,16384,2367
1.28167E+17,web,3,Write,1023704576,16384,2350
1.28167E+17,web,3,Write,1023688192,16384,2316
1.28167E+17,web,3,Write,1023720960,16384,2186
1.28167E+17,web,3,Write,1023737344,16384,2268
1.28167E+17,web,3,Write,1023753728,16384,2068
1.28167E+17,web,3,Write,1023770112,16384,2305
1.28167E+17,web,3,Write,1023786496,16384,2267
1.28167E+17,web,3,Write,1023802880,16384,2353
1.28167E+17,web,3,Write,1023819264,16384,2321
1.28167E+17,web,3,Write,1023852032,65536,3758
1.28167E+17,web,3,Write,1023835648,16384,2147
1.28167E+17,web,3,Write,1023917568,32768,2622
1.28167E+17,web,3,Write,1023950336,65536,4009
1.28167E+17,web,3,Write,1024015872,65536,3860
1.28167E+17,web,3,Write,1024081408,16384,2087
1.28167E+17,web,3,Write,1024097792,16384,2415
1.28167E+17,web,3,Write,1024114176,16384,2097
1.28167E+17,web,3,Write,1024130560,16384,2297
1.28167E+17,web,3,Write,1024146944,16384,2074
1.28167E+17,web,3,Write,1024163328,16384,2103
1.28167E+17,web,3,Write,1024179712,16384,2246
1.28167E+17,web,3,Write,1024196096,16384,2105
1.28167E+17,web,3,Write,1024212480,16384,2334
1.28167E+17,web,3,Write,1024228864,16384,2127
1.28167E+17,web,3,Write,1024245248,16384,2147
1.28167E+17,web,3,Write,1024278016,16384,2356
1.28167E+17,web,3,Write,1024261632,16384,2176
1.28167E+17,web,3,Write,1024294400,16384,2210
1.28167E+17,web,3,Write,1024310784,16384,2432
1.28167E+17,web,3,Write,1024343552,32768,2699
1.28167E+17,web,3,Write,1024327168,16384,2325
1.28167E+17,web,3,Write,1024376320,16384,2315
1.28167E+17,web,3,Write,1024392704,16384,2246
1.28167E+17,web,3,Write,1024409088,16384,2091
1.28167E+17,web,3,Write,1024425472,32768,2718
1.28167E+17,web,3,Write,1024458240,16384,2316
1.28167E+17,web,3,Write,1024474624,32768,2872
1.28167E+17,web,3,Write,1024507392,16384,2039
1.28167E+17,web,3,Write,1024523776,16384,2400
1.28167E+17,web,3,Write,1024540160,16384,2113
1.28167E+17,web,3,Write,1024556544,32768,2939
1.28167E+17,web,3,Write,1024589312,16384,2120
1.28167E+17,web,3,Write,1024605696,16384,3762
1.28167E+17,web,3,Write,1024622080,16384,2154
1.28167E+17,web,3,Write,1024654848,49152,3185
1.28167E+17,web,3,Write,1024638464,16384,2311
1.28167E+17,web,3,Write,1024704000,32768,2794
1.28167E+17,web,3,Write,1024736768,16384,2225
1.28167E+17,web,3,Write,1024753152,16384,2268
1.28167E+17,web,3,Write,1024769536,16384,2235
1.28167E+17,web,3,Write,1024785920,16384,2156
1.28167E+17,web,3,Write,1024802304,16384,2261
1.28167E+17,web,3,Write,1024818688,16384,2144
1.28167E+17,web,3,Write,1024851456,49152,3193
1.28167E+17,web,3,Write,1024835072,16384,2341
1.28167E+17,web,3,Write,1024900608,32768,2895
1.28167E+17,web,3,Write,1024933376,32768,2783
1.28167E+17,web,3,Write,1024966144,32768,2799
1.28167E+17,web,3,Write,1025015296,32768,2711
1.28167E+17,web,3,Write,1024998912,16384,2323
1.28167E+17,web,3,Write,1025048064,16384,2143
1.28167E+17,web,3,Write,1025064448,49152,3181
1.28167E+17,web,3,Write,1025113600,16384,2093
1.28167E+17,web,3,Write,1025146368,16384,2137
1.28167E+17,web,3,Write,1025129984,16384,2115
1.28167E+17,web,3,Write,1025195520,16384,2624
1.28167E+17,web,3,Write,1025162752,16384,2155
1.28167E+17,web,3,Write,1025179136,16384,2134
1.28167E+17,web,3,Write,1025244672,16384,2658
1.28167E+17,web,3,Write,1025211904,32768,2612
1.28167E+17,web,3,Write,1025261056,16384,2105
1.28167E+17,web,3,Write,1025277440,32768,2972
1.28167E+17,web,3,Write,1025326592,32768,2719
1.28167E+17,web,3,Write,1025310208,16384,2151
1.28167E+17,web,3,Write,1025359360,16384,2300
1.28167E+17,web,3,Write,1025375744,32768,2911
1.28167E+17,web,3,Write,1025408512,16384,2318
1.28167E+17,web,3,Write,1025457664,16384,2366
1.28167E+17,web,3,Write,1025441280,16384,2285
1.28167E+17,web,3,Write,1025424896,16384,2167
1.28167E+17,web,3,Write,1025474048,16384,2105
1.28167E+17,web,3,Write,1025490432,16384,2119
1.28167E+17,web,3,Write,1025506816,16384,2264
1.28167E+17,web,3,Write,1025523200,16384,2389
1.28167E+17,web,3,Write,1025539584,16384,2282
1.28167E+17,web,3,Write,1025555968,16384,2306
1.28167E+17,web,3,Write,1025572352,16384,2299
1.28167E+17,web,3,Write,1025588736,16384,2293
1.28167E+17,web,3,Write,1025605120,16384,2222
1.28167E+17,web,3,Write,1025621504,16384,2334
1.28167E+17,web,3,Write,1025637888,16384,2272
1.28167E+17,web,3,Write,1025654272,16384,2164
1.28167E+17,web,3,Write,1025670656,16384,2162
1.28167E+17,web,3,Write,1025719808,16384,3986
1.28167E+17,web,3,Write,1025687040,32768,2700
1.28167E+17,web,3,Write,1025736192,32768,2682
1.28167E+17,web,3,Write,1025768960,16384,3793
1.28167E+17,web,3,Write,1025785344,16384,2092
1.28167E+17,web,3,Write,1025801728,16384,2108
1.28167E+17,web,3,Write,1025850880,65536,3747
1.28167E+17,web,3,Write,1025818112,32768,2651
1.28167E+17,web,3,Write,1025932800,16384,2102
1.28167E+17,web,3,Write,1025916416,16384,2063
1.28167E+17,web,3,Write,1025949184,16384,2272
1.28167E+17,web,3,Write,1025965568,16384,2209
1.28167E+17,web,3,Write,1025998336,49152,3222
1.28167E+17,web,3,Write,1025981952,16384,2190
1.28167E+17,web,3,Write,1026047488,16384,2199
1.28167E+17,web,3,Write,1026063872,16384,2303
1.28167E+17,web,3,Write,1026080256,16384,2288
1.28167E+17,web,3,Write,1026096640,16384,2358
1.28167E+17,web,3,Write,1026113024,16384,2351
1.28167E+17,web,3,Write,1026129408,16384,2299
1.28167E+17,web,3,Write,1026145792,16384,2354
1.28167E+17,web,3,Write,1026162176,16384,2095
1.28167E+17,web,3,Write,1026194944,16384,3495
1.28167E+17,web,3,Write,1026178560,16384,2121
1.28167E+17,web,3,Write,1026244096,32768,2658
1.28167E+17,web,3,Write,1026227712,16384,2133
1.28167E+17,web,3,Write,1026211328,16384,2125
1.28167E+17,web,3,Write,1026276864,32768,2730
1.28167E+17,web,3,Write,1026309632,16384,2138
1.28167E+17,web,3,Write,1026326016,16384,2169
1.28167E+17,web,3,Write,1026342400,16384,2129
1.28167E+17,web,3,Write,1026358784,16384,2115
1.28167E+17,web,3,Write,1026375168,16384,2090
1.28167E+17,web,3,Write,1026407936,32768,4664
1.28167E+17,web,3,Write,1026391552,16384,2251
1.28167E+17,web,3,Write,1026440704,16384,2204
1.28167E+17,web,3,Write,1026457088,32768,2622
1.28167E+17,web,3,Write,1026506240,32768,2660
1.28167E+17,web,3,Write,1026489856,16384,2426
1.28167E+17,web,3,Write,1026555392,16384,2307
1.28167E+17,web,3,Write,1026539008,16384,2289
1.28167E+17,web,3,Write,1026571776,16384,2189
1.28167E+17,web,3,Write,1026588160,16384,2190
1.28167E+17,web,3,Write,1026604544,16384,2365
1.28167E+17,web,3,Write,1026620928,16384,2281
1.28167E+17,web,3,Write,1026637312,32768,2815
1.28167E+17,web,3,Write,1026670080,16384,2316
1.28167E+17,web,3,Write,1026686464,16384,2378
1.28167E+17,web,3,Write,1026702848,16384,2079
1.28167E+17,web,3,Write,1026719232,16384,2166
1.28167E+17,web,3,Write,1026735616,16384,2129
1.28167E+17,web,3,Write,1026768384,16384,2180
1.28167E+17,web,3,Write,1026752000,16384,2134
1.28167E+17,web,3,Write,1026784768,16384,2138
1.28167E+17,web,3,Write,1026801152,16384,2114
1.28167E+17,web,3,Write,1026833920,16384,2970
1.28167E+17,web,3,Write,1026817536,16384,2139
1.28167E+17,web,3,Write,1026850304,16384,2062
1.28167E+17,web,3,Write,1026866688,16384,2229
1.28167E+17,web,3,Write,1026883072,16384,2149
1.28167E+17,web,3,Write,1026915840,32768,2684
1.28167E+17,web,3,Write,1026899456,16384,2182
1.28167E+17,web,3,Write,1026948608,16384,2379
1.28167E+17,web,3,Write,1026964992,16384,2190
1.28167E+17,web,3,Write,1026997760,32768,2686
1.28167E+17,web,3,Write,1026981376,16384,2117
1.28167E+17,web,3,Write,1027030528,32768,3270
1.28167E+17,web,3,Write,1027079680,16384,2080
1.28167E+17,web,3,Write,1027063296,16384,2059
1.28167E+17,web,3,Write,1027096064,16384,2131
1.28167E+17,web,3,Write,1027128832,16384,2123
1.28167E+17,web,3,Write,1027112448,16384,2088
1.28167E+17,web,3,Write,1027161600,16384,2133
1.28167E+17,web,3,Write,1027145216,16384,2114
1.28167E+17,web,3,Write,1027194368,16384,2137
1.28167E+17,web,3,Write,1027177984,16384,2098
1.28167E+17,web,3,Write,1027210752,16384,2139
1.28167E+17,web,3,Write,1027243520,16384,2154
1.28167E+17,web,3,Write,1027259904,16384,2105
1.28167E+17,web,3,Write,1027227136,16384,2105
1.28167E+17,web,3,Write,1027292672,16384,3406
1.28167E+17,web,3,Write,1027276288,16384,2151
1.28167E+17,web,3,Write,1027309056,16384,2163
1.28167E+17,web,3,Write,1027325440,16384,2399
1.28167E+17,web,3,Write,1027341824,16384,2310
1.28167E+17,web,3,Write,1027358208,16384,2185
1.28167E+17,web,3,Write,1027374592,16384,2156
1.28167E+17,web,3,Write,1027390976,16384,2398
1.28167E+17,web,3,Write,1027423744,32768,2660
1.28167E+17,web,3,Write,1027407360,16384,2198
1.28167E+17,web,3,Write,1027456512,16384,2181
1.28167E+17,web,3,Write,1027472896,16384,2326
1.28167E+17,web,3,Write,1027489280,16384,2133
1.28167E+17,web,3,Write,1027505664,16384,3726
1.28167E+17,web,3,Write,1027522048,16384,2262
1.28167E+17,web,3,Write,1027538432,16384,2250
1.28167E+17,web,3,Write,1027554816,16384,2201
1.28167E+17,web,3,Write,1027571200,16384,2151
1.28167E+17,web,3,Write,1027603968,16384,3493
1.28167E+17,web,3,Write,1027587584,16384,2240
1.28167E+17,web,3,Write,1027620352,16384,2158
1.28167E+17,web,3,Write,1027636736,32768,2900
1.28167E+17,web,3,Write,1027669504,16384,2314
1.28167E+17,web,3,Write,1027751424,32768,2369
1.28167E+17,web,3,Write,1027685888,16384,2341
1.28167E+17,web,3,Write,1027735040,16384,2111
1.28167E+17,web,3,Write,1027702272,16384,1869
1.28167E+17,web,3,Write,1027718656,16384,1805
1.28167E+17,web,3,Write,1027784192,16384,2141
1.28167E+17,web,3,Write,1027816960,16384,2075
1.28167E+17,web,3,Write,1027800576,16384,2073
1.28167E+17,web,3,Write,1027833344,16384,2213
1.28167E+17,web,3,Write,1027866112,16384,2571
1.28167E+17,web,3,Write,1027849728,16384,2415
1.28167E+17,web,3,Write,1027882496,16384,2318
1.28167E+17,web,3,Write,1027915264,81920,4966
1.28167E+17,web,3,Write,1027898880,16384,2312
1.28167E+17,web,3,Write,1027997184,16384,2215
1.28167E+17,web,3,Write,1028013568,16384,2323
1.28167E+17,web,3,Write,1028029952,16384,2095
1.28167E+17,web,3,Write,1028046336,16384,2293
1.28167E+17,web,3,Write,1028062720,65536,3983
1.28167E+17,web,3,Write,1028144640,16384,3154
1.28167E+17,web,3,Write,1028193792,16384,2899
1.28167E+17,web,3,Write,1028128256,16384,2351
1.28167E+17,web,3,Write,1028210176,16384,1990
1.28167E+17,web,3,Write,1028161024,16384,1824
1.28167E+17,web,3,Write,1028177408,16384,1812
1.28167E+17,web,3,Write,1028242944,16384,3623
1.28167E+17,web,3,Write,1028226560,16384,2115
1.28167E+17,web,3,Write,1028275712,16384,2092
1.28167E+17,web,3,Write,1028259328,16384,2020
1.28167E+17,web,3,Write,1028292096,16384,2182
1.28167E+17,web,3,Write,1028357632,16384,2615
1.28167E+17,web,3,Write,1028308480,16384,2092
1.28167E+17,web,3,Write,1028341248,16384,2084
1.28167E+17,web,3,Write,1028324864,16384,1992
1.28167E+17,web,3,Write,1028374016,16384,2052
1.28167E+17,web,3,Write,1028406784,16384,1804
1.28167E+17,web,3,Write,1028390400,16384,1777
1.28167E+17,web,3,Write,1028439552,16384,2408
1.28167E+17,web,3,Write,1028423168,16384,2147
1.28167E+17,web,3,Write,1028472320,16384,2192
1.28167E+17,web,3,Write,1028455936,16384,2109
1.28167E+17,web,3,Write,1028521472,16384,4092
1.28167E+17,web,3,Write,1028505088,16384,2108
1.28167E+17,web,3,Write,1028488704,16384,2037
1.28167E+17,web,3,Write,1028587008,16384,4556
1.28167E+17,web,3,Write,1028603392,16384,3393
1.28167E+17,web,3,Write,1028537856,16384,2180
1.28167E+17,web,3,Write,1028570624,16384,2085
1.28167E+17,web,3,Write,1028554240,16384,2026
1.28167E+17,web,3,Write,1028636160,16384,2170
1.28167E+17,web,3,Write,1028619776,16384,2094
1.28167E+17,web,3,Write,1028652544,16384,2070
1.28167E+17,web,3,Write,1028668928,16384,1806
1.28167E+17,web,3,Write,1028718080,16384,2128
1.28167E+17,web,3,Write,1028685312,16384,2098
1.28167E+17,web,3,Write,1028701696,16384,1905
1.28167E+17,web,3,Write,1028734464,16384,2133
1.28167E+17,web,3,Write,1028750848,16384,2123
1.28167E+17,web,3,Write,1028767232,16384,2105
1.28167E+17,web,3,Write,1028783616,16384,1787
1.28167E+17,web,3,Write,1028800000,16384,3759
1.28167E+17,web,3,Write,1028816384,16384,2168
1.28167E+17,web,3,Write,1028832768,16384,2017
1.28167E+17,web,3,Write,1028849152,16384,2178
1.28167E+17,web,3,Write,1028865536,16384,2172
1.28167E+17,web,3,Write,1028898304,16384,3417
1.28167E+17,web,3,Write,1028881920,16384,2183
1.28167E+17,web,3,Write,1028914688,16384,1806
1.28167E+17,web,3,Write,1028947456,16384,3029
1.28167E+17,web,3,Write,1028931072,16384,2150
1.28167E+17,web,3,Write,1028963840,16384,2041
1.28167E+17,web,3,Write,1028996608,16384,2228
1.28167E+17,web,3,Write,1028980224,16384,2219
1.28167E+17,web,3,Write,1029012992,16384,2059
1.28167E+17,web,3,Write,1029029376,16384,2134
1.28167E+17,web,3,Write,1029045760,16384,2096
1.28167E+17,web,3,Write,1029062144,16384,2155
1.28167E+17,web,3,Write,1029094912,16384,2087
1.28167E+17,web,3,Write,1029078528,16384,2033
1.28167E+17,web,3,Write,1029111296,16384,2144
1.28167E+17,web,3,Write,1029127680,16384,2131
1.28167E+17,web,3,Write,1029144064,16384,2119
1.28167E+17,web,3,Write,1029176832,16384,2193
1.28167E+17,web,3,Write,1029160448,16384,2186
1.28167E+17,web,3,Write,1029193216,16384,2157
1.28167E+17,web,3,Write,1029209600,16384,2231
1.28167E+17,web,3,Write,1029225984,16384,2136
1.28167E+17,web,3,Write,1029242368,16384,2108
1.28167E+17,web,3,Write,1029275136,16384,2162
1.28167E+17,web,3,Write,1029258752,16384,2157
1.28167E+17,web,3,Write,1029291520,16384,2114
1.28167E+17,web,3,Write,1029307904,16384,2150
1.28167E+17,web,3,Write,1029324288,16384,2103
1.28167E+17,web,3,Write,1029340672,16384,2697
1.28167E+17,web,3,Write,1029357056,16384,2153
1.28167E+17,web,3,Write,1029373440,16384,2152
1.28167E+17,web,3,Write,1029389824,16384,2115
1.28167E+17,web,3,Write,1029406208,16384,2111
1.28167E+17,web,3,Write,1029422592,16384,2011
1.28167E+17,web,3,Write,1029455360,16384,3771
1.28167E+17,web,3,Write,1029438976,16384,2153
1.28167E+17,web,3,Write,1029471744,16384,2167
1.28167E+17,web,3,Write,1029504512,16384,2110
1.28167E+17,web,3,Write,1029488128,16384,2082
1.28167E+17,web,3,Write,1029520896,16384,2095
1.28167E+17,web,3,Write,1029553664,16384,4096
1.28167E+17,web,3,Write,1029570048,16384,3216
1.28167E+17,web,3,Write,1029537280,16384,2331
1.28167E+17,web,3,Write,1029586432,16384,2116
1.28167E+17,web,3,Write,1029602816,16384,2163
1.28167E+17,web,3,Write,1029619200,16384,2117
1.28167E+17,web,3,Write,1029635584,16384,3546
1.28167E+17,web,3,Write,1029668352,16384,3344
1.28167E+17,web,3,Write,1029651968,16384,2099
1.28167E+17,web,3,Write,1029684736,16384,2192
1.28167E+17,web,3,Write,1029717504,16384,2098
1.28167E+17,web,3,Write,1029701120,16384,2096
1.28167E+17,web,3,Write,1029733888,16384,1802
1.28167E+17,web,3,Write,1029766656,16384,2426
1.28167E+17,web,3,Write,1029750272,16384,2120
1.28167E+17,web,3,Write,1029799424,16384,2132
1.28167E+17,web,3,Write,1029815808,16384,2102
1.28167E+17,web,3,Write,1029783040,16384,2090
1.28167E+17,web,3,Write,1029832192,16384,2209
1.28167E+17,web,3,Write,1029864960,16384,2382
1.28167E+17,web,3,Write,1029848576,16384,2188
1.28167E+17,web,3,Write,1029881344,16384,2089
1.28167E+17,web,3,Write,1029897728,16384,2190
1.28167E+17,web,3,Write,1029914112,16384,2209
1.28167E+17,web,3,Write,1029946880,16384,2124
1.28167E+17,web,3,Write,1029930496,16384,2123
1.28167E+17,web,3,Write,1029963264,16384,2191
1.28167E+17,web,3,Write,1029979648,32768,2756
1.28167E+17,web,3,Write,1030012416,16384,2377
1.28167E+17,web,3,Write,1030028800,16384,2313
1.28167E+17,web,3,Write,1030061568,32768,2728
